filename,class_id_pred,confidence,bbox,class_id_gt,center_x,center_y,width,height
00002_jpg.rf.fcf45cc27180c78a99c06d778b8805ec.jpg,1,0.746801,"[0.744702, 0.383747, 0.353124]",1,0.75,0.7703125,0.3875,0.3234375
00002_jpg.rf.fcf45cc27180c78a99c06d778b8805ec.jpg,1,0.746801,"[0.744702, 0.383747, 0.353124]",1,0.05859375,0.65078125,0.11328125,0.171875
00007_jpg.rf.9755b9f101a1dd0aa784fc2e61d37fa8.jpg,1,0.290232,"[0.707115, 0.284212, 0.280323]",0,0.534375,0.41640625,0.06953125,0.10859375
00007_jpg.rf.9755b9f101a1dd0aa784fc2e61d37fa8.jpg,1,0.290232,"[0.707115, 0.284212, 0.280323]",0,0.209375,0.43125,0.05546875,0.13203125
00007_jpg.rf.9755b9f101a1dd0aa784fc2e61d37fa8.jpg,1,0.290232,"[0.707115, 0.284212, 0.280323]",2,0.14296875,0.48046875,0.02890625,0.07890625
00007_jpg.rf.9755b9f101a1dd0aa784fc2e61d37fa8.jpg,1,0.290232,"[0.707115, 0.284212, 0.280323]",2,0.25390625,0.496875,0.01953125,0.034375
00007_jpg.rf.9755b9f101a1dd0aa784fc2e61d37fa8.jpg,1,0.290232,"[0.707115, 0.284212, 0.280323]",2,0.41953125,0.46640625,0.01953125,0.0484375
00007_jpg.rf.9755b9f101a1dd0aa784fc2e61d37fa8.jpg,1,0.290232,"[0.707115, 0.284212, 0.280323]",6,0.44921875,0.49453125,0.0359375,0.12421875
00007_jpg.rf.9755b9f101a1dd0aa784fc2e61d37fa8.jpg,1,0.290232,"[0.707115, 0.284212, 0.280323]",3,0.13671875,0.71953125,0.06484375,0.1265625
00007_jpg.rf.9755b9f101a1dd0aa784fc2e61d37fa8.jpg,1,0.290232,"[0.707115, 0.284212, 0.280323]",1,0.2953125,0.72109375,0.2828125,0.29140625
00007_jpg.rf.9755b9f101a1dd0aa784fc2e61d37fa8.jpg,1,0.290232,"[0.707115, 0.284212, 0.280323]",4,0.4421875,0.57578125,0.03984375,0.10234375
00007_jpg.rf.9755b9f101a1dd0aa784fc2e61d37fa8.jpg,0,0.20763,"[0.432894, 0.0540845, 0.128012]",0,0.534375,0.41640625,0.06953125,0.10859375
00007_jpg.rf.9755b9f101a1dd0aa784fc2e61d37fa8.jpg,0,0.20763,"[0.432894, 0.0540845, 0.128012]",0,0.209375,0.43125,0.05546875,0.13203125
00007_jpg.rf.9755b9f101a1dd0aa784fc2e61d37fa8.jpg,0,0.20763,"[0.432894, 0.0540845, 0.128012]",2,0.14296875,0.48046875,0.02890625,0.07890625
00007_jpg.rf.9755b9f101a1dd0aa784fc2e61d37fa8.jpg,0,0.20763,"[0.432894, 0.0540845, 0.128012]",2,0.25390625,0.496875,0.01953125,0.034375
00007_jpg.rf.9755b9f101a1dd0aa784fc2e61d37fa8.jpg,0,0.20763,"[0.432894, 0.0540845, 0.128012]",2,0.41953125,0.46640625,0.01953125,0.0484375
00007_jpg.rf.9755b9f101a1dd0aa784fc2e61d37fa8.jpg,0,0.20763,"[0.432894, 0.0540845, 0.128012]",6,0.44921875,0.49453125,0.0359375,0.12421875
00007_jpg.rf.9755b9f101a1dd0aa784fc2e61d37fa8.jpg,0,0.20763,"[0.432894, 0.0540845, 0.128012]",3,0.13671875,0.71953125,0.06484375,0.1265625
00007_jpg.rf.9755b9f101a1dd0aa784fc2e61d37fa8.jpg,0,0.20763,"[0.432894, 0.0540845, 0.128012]",1,0.2953125,0.72109375,0.2828125,0.29140625
00007_jpg.rf.9755b9f101a1dd0aa784fc2e61d37fa8.jpg,0,0.20763,"[0.432894, 0.0540845, 0.128012]",4,0.4421875,0.57578125,0.03984375,0.10234375
00007_jpg.rf.9755b9f101a1dd0aa784fc2e61d37fa8.jpg,0,0.530238,"[0.413709, 0.0680593, 0.118736]",0,0.534375,0.41640625,0.06953125,0.10859375
00007_jpg.rf.9755b9f101a1dd0aa784fc2e61d37fa8.jpg,0,0.530238,"[0.413709, 0.0680593, 0.118736]",0,0.209375,0.43125,0.05546875,0.13203125
00007_jpg.rf.9755b9f101a1dd0aa784fc2e61d37fa8.jpg,0,0.530238,"[0.413709, 0.0680593, 0.118736]",2,0.14296875,0.48046875,0.02890625,0.07890625
00007_jpg.rf.9755b9f101a1dd0aa784fc2e61d37fa8.jpg,0,0.530238,"[0.413709, 0.0680593, 0.118736]",2,0.25390625,0.496875,0.01953125,0.034375
00007_jpg.rf.9755b9f101a1dd0aa784fc2e61d37fa8.jpg,0,0.530238,"[0.413709, 0.0680593, 0.118736]",2,0.41953125,0.46640625,0.01953125,0.0484375
00007_jpg.rf.9755b9f101a1dd0aa784fc2e61d37fa8.jpg,0,0.530238,"[0.413709, 0.0680593, 0.118736]",6,0.44921875,0.49453125,0.0359375,0.12421875
00007_jpg.rf.9755b9f101a1dd0aa784fc2e61d37fa8.jpg,0,0.530238,"[0.413709, 0.0680593, 0.118736]",3,0.13671875,0.71953125,0.06484375,0.1265625
00007_jpg.rf.9755b9f101a1dd0aa784fc2e61d37fa8.jpg,0,0.530238,"[0.413709, 0.0680593, 0.118736]",1,0.2953125,0.72109375,0.2828125,0.29140625
00007_jpg.rf.9755b9f101a1dd0aa784fc2e61d37fa8.jpg,0,0.530238,"[0.413709, 0.0680593, 0.118736]",4,0.4421875,0.57578125,0.03984375,0.10234375
00007_jpg.rf.9755b9f101a1dd0aa784fc2e61d37fa8.jpg,6,0.447312,"[0.49504, 0.0322217, 0.130751]",0,0.534375,0.41640625,0.06953125,0.10859375
00007_jpg.rf.9755b9f101a1dd0aa784fc2e61d37fa8.jpg,6,0.447312,"[0.49504, 0.0322217, 0.130751]",0,0.209375,0.43125,0.05546875,0.13203125
00007_jpg.rf.9755b9f101a1dd0aa784fc2e61d37fa8.jpg,6,0.447312,"[0.49504, 0.0322217, 0.130751]",2,0.14296875,0.48046875,0.02890625,0.07890625
00007_jpg.rf.9755b9f101a1dd0aa784fc2e61d37fa8.jpg,6,0.447312,"[0.49504, 0.0322217, 0.130751]",2,0.25390625,0.496875,0.01953125,0.034375
00007_jpg.rf.9755b9f101a1dd0aa784fc2e61d37fa8.jpg,6,0.447312,"[0.49504, 0.0322217, 0.130751]",2,0.41953125,0.46640625,0.01953125,0.0484375
00007_jpg.rf.9755b9f101a1dd0aa784fc2e61d37fa8.jpg,6,0.447312,"[0.49504, 0.0322217, 0.130751]",6,0.44921875,0.49453125,0.0359375,0.12421875
00007_jpg.rf.9755b9f101a1dd0aa784fc2e61d37fa8.jpg,6,0.447312,"[0.49504, 0.0322217, 0.130751]",3,0.13671875,0.71953125,0.06484375,0.1265625
00007_jpg.rf.9755b9f101a1dd0aa784fc2e61d37fa8.jpg,6,0.447312,"[0.49504, 0.0322217, 0.130751]",1,0.2953125,0.72109375,0.2828125,0.29140625
00007_jpg.rf.9755b9f101a1dd0aa784fc2e61d37fa8.jpg,6,0.447312,"[0.49504, 0.0322217, 0.130751]",4,0.4421875,0.57578125,0.03984375,0.10234375
00007_jpg.rf.9755b9f101a1dd0aa784fc2e61d37fa8.jpg,2,0.141686,"[0.479938, 0.0333359, 0.0759648]",0,0.534375,0.41640625,0.06953125,0.10859375
00007_jpg.rf.9755b9f101a1dd0aa784fc2e61d37fa8.jpg,2,0.141686,"[0.479938, 0.0333359, 0.0759648]",0,0.209375,0.43125,0.05546875,0.13203125
00007_jpg.rf.9755b9f101a1dd0aa784fc2e61d37fa8.jpg,2,0.141686,"[0.479938, 0.0333359, 0.0759648]",2,0.14296875,0.48046875,0.02890625,0.07890625
00007_jpg.rf.9755b9f101a1dd0aa784fc2e61d37fa8.jpg,2,0.141686,"[0.479938, 0.0333359, 0.0759648]",2,0.25390625,0.496875,0.01953125,0.034375
00007_jpg.rf.9755b9f101a1dd0aa784fc2e61d37fa8.jpg,2,0.141686,"[0.479938, 0.0333359, 0.0759648]",2,0.41953125,0.46640625,0.01953125,0.0484375
00007_jpg.rf.9755b9f101a1dd0aa784fc2e61d37fa8.jpg,2,0.141686,"[0.479938, 0.0333359, 0.0759648]",6,0.44921875,0.49453125,0.0359375,0.12421875
00007_jpg.rf.9755b9f101a1dd0aa784fc2e61d37fa8.jpg,2,0.141686,"[0.479938, 0.0333359, 0.0759648]",3,0.13671875,0.71953125,0.06484375,0.1265625
00007_jpg.rf.9755b9f101a1dd0aa784fc2e61d37fa8.jpg,2,0.141686,"[0.479938, 0.0333359, 0.0759648]",1,0.2953125,0.72109375,0.2828125,0.29140625
00007_jpg.rf.9755b9f101a1dd0aa784fc2e61d37fa8.jpg,2,0.141686,"[0.479938, 0.0333359, 0.0759648]",4,0.4421875,0.57578125,0.03984375,0.10234375
00007_jpg.rf.9755b9f101a1dd0aa784fc2e61d37fa8.jpg,2,0.253293,"[0.495874, 0.0199451, 0.0438429]",0,0.534375,0.41640625,0.06953125,0.10859375
00007_jpg.rf.9755b9f101a1dd0aa784fc2e61d37fa8.jpg,2,0.253293,"[0.495874, 0.0199451, 0.0438429]",0,0.209375,0.43125,0.05546875,0.13203125
00007_jpg.rf.9755b9f101a1dd0aa784fc2e61d37fa8.jpg,2,0.253293,"[0.495874, 0.0199451, 0.0438429]",2,0.14296875,0.48046875,0.02890625,0.07890625
00007_jpg.rf.9755b9f101a1dd0aa784fc2e61d37fa8.jpg,2,0.253293,"[0.495874, 0.0199451, 0.0438429]",2,0.25390625,0.496875,0.01953125,0.034375
00007_jpg.rf.9755b9f101a1dd0aa784fc2e61d37fa8.jpg,2,0.253293,"[0.495874, 0.0199451, 0.0438429]",2,0.41953125,0.46640625,0.01953125,0.0484375
00007_jpg.rf.9755b9f101a1dd0aa784fc2e61d37fa8.jpg,2,0.253293,"[0.495874, 0.0199451, 0.0438429]",6,0.44921875,0.49453125,0.0359375,0.12421875
00007_jpg.rf.9755b9f101a1dd0aa784fc2e61d37fa8.jpg,2,0.253293,"[0.495874, 0.0199451, 0.0438429]",3,0.13671875,0.71953125,0.06484375,0.1265625
00007_jpg.rf.9755b9f101a1dd0aa784fc2e61d37fa8.jpg,2,0.253293,"[0.495874, 0.0199451, 0.0438429]",1,0.2953125,0.72109375,0.2828125,0.29140625
00007_jpg.rf.9755b9f101a1dd0aa784fc2e61d37fa8.jpg,2,0.253293,"[0.495874, 0.0199451, 0.0438429]",4,0.4421875,0.57578125,0.03984375,0.10234375
00007_jpg.rf.9755b9f101a1dd0aa784fc2e61d37fa8.jpg,2,0.418257,"[0.46614, 0.0208312, 0.0451733]",0,0.534375,0.41640625,0.06953125,0.10859375
00007_jpg.rf.9755b9f101a1dd0aa784fc2e61d37fa8.jpg,2,0.418257,"[0.46614, 0.0208312, 0.0451733]",0,0.209375,0.43125,0.05546875,0.13203125
00007_jpg.rf.9755b9f101a1dd0aa784fc2e61d37fa8.jpg,2,0.418257,"[0.46614, 0.0208312, 0.0451733]",2,0.14296875,0.48046875,0.02890625,0.07890625
00007_jpg.rf.9755b9f101a1dd0aa784fc2e61d37fa8.jpg,2,0.418257,"[0.46614, 0.0208312, 0.0451733]",2,0.25390625,0.496875,0.01953125,0.034375
00007_jpg.rf.9755b9f101a1dd0aa784fc2e61d37fa8.jpg,2,0.418257,"[0.46614, 0.0208312, 0.0451733]",2,0.41953125,0.46640625,0.01953125,0.0484375
00007_jpg.rf.9755b9f101a1dd0aa784fc2e61d37fa8.jpg,2,0.418257,"[0.46614, 0.0208312, 0.0451733]",6,0.44921875,0.49453125,0.0359375,0.12421875
00007_jpg.rf.9755b9f101a1dd0aa784fc2e61d37fa8.jpg,2,0.418257,"[0.46614, 0.0208312, 0.0451733]",3,0.13671875,0.71953125,0.06484375,0.1265625
00007_jpg.rf.9755b9f101a1dd0aa784fc2e61d37fa8.jpg,2,0.418257,"[0.46614, 0.0208312, 0.0451733]",1,0.2953125,0.72109375,0.2828125,0.29140625
00007_jpg.rf.9755b9f101a1dd0aa784fc2e61d37fa8.jpg,2,0.418257,"[0.46614, 0.0208312, 0.0451733]",4,0.4421875,0.57578125,0.03984375,0.10234375
00007_jpg.rf.9755b9f101a1dd0aa784fc2e61d37fa8.jpg,4,0.441493,"[0.562255, 0.0394182, 0.0916018]",0,0.534375,0.41640625,0.06953125,0.10859375
00007_jpg.rf.9755b9f101a1dd0aa784fc2e61d37fa8.jpg,4,0.441493,"[0.562255, 0.0394182, 0.0916018]",0,0.209375,0.43125,0.05546875,0.13203125
00007_jpg.rf.9755b9f101a1dd0aa784fc2e61d37fa8.jpg,4,0.441493,"[0.562255, 0.0394182, 0.0916018]",2,0.14296875,0.48046875,0.02890625,0.07890625
00007_jpg.rf.9755b9f101a1dd0aa784fc2e61d37fa8.jpg,4,0.441493,"[0.562255, 0.0394182, 0.0916018]",2,0.25390625,0.496875,0.01953125,0.034375
00007_jpg.rf.9755b9f101a1dd0aa784fc2e61d37fa8.jpg,4,0.441493,"[0.562255, 0.0394182, 0.0916018]",2,0.41953125,0.46640625,0.01953125,0.0484375
00007_jpg.rf.9755b9f101a1dd0aa784fc2e61d37fa8.jpg,4,0.441493,"[0.562255, 0.0394182, 0.0916018]",6,0.44921875,0.49453125,0.0359375,0.12421875
00007_jpg.rf.9755b9f101a1dd0aa784fc2e61d37fa8.jpg,4,0.441493,"[0.562255, 0.0394182, 0.0916018]",3,0.13671875,0.71953125,0.06484375,0.1265625
00007_jpg.rf.9755b9f101a1dd0aa784fc2e61d37fa8.jpg,4,0.441493,"[0.562255, 0.0394182, 0.0916018]",1,0.2953125,0.72109375,0.2828125,0.29140625
00007_jpg.rf.9755b9f101a1dd0aa784fc2e61d37fa8.jpg,4,0.441493,"[0.562255, 0.0394182, 0.0916018]",4,0.4421875,0.57578125,0.03984375,0.10234375
00007_jpg.rf.9755b9f101a1dd0aa784fc2e61d37fa8.jpg,3,0.134095,"[0.714971, 0.0696718, 0.139669]",0,0.534375,0.41640625,0.06953125,0.10859375
00007_jpg.rf.9755b9f101a1dd0aa784fc2e61d37fa8.jpg,3,0.134095,"[0.714971, 0.0696718, 0.139669]",0,0.209375,0.43125,0.05546875,0.13203125
00007_jpg.rf.9755b9f101a1dd0aa784fc2e61d37fa8.jpg,3,0.134095,"[0.714971, 0.0696718, 0.139669]",2,0.14296875,0.48046875,0.02890625,0.07890625
00007_jpg.rf.9755b9f101a1dd0aa784fc2e61d37fa8.jpg,3,0.134095,"[0.714971, 0.0696718, 0.139669]",2,0.25390625,0.496875,0.01953125,0.034375
00007_jpg.rf.9755b9f101a1dd0aa784fc2e61d37fa8.jpg,3,0.134095,"[0.714971, 0.0696718, 0.139669]",2,0.41953125,0.46640625,0.01953125,0.0484375
00007_jpg.rf.9755b9f101a1dd0aa784fc2e61d37fa8.jpg,3,0.134095,"[0.714971, 0.0696718, 0.139669]",6,0.44921875,0.49453125,0.0359375,0.12421875
00007_jpg.rf.9755b9f101a1dd0aa784fc2e61d37fa8.jpg,3,0.134095,"[0.714971, 0.0696718, 0.139669]",3,0.13671875,0.71953125,0.06484375,0.1265625
00007_jpg.rf.9755b9f101a1dd0aa784fc2e61d37fa8.jpg,3,0.134095,"[0.714971, 0.0696718, 0.139669]",1,0.2953125,0.72109375,0.2828125,0.29140625
00007_jpg.rf.9755b9f101a1dd0aa784fc2e61d37fa8.jpg,3,0.134095,"[0.714971, 0.0696718, 0.139669]",4,0.4421875,0.57578125,0.03984375,0.10234375
00017_jpg.rf.23b0afe47532d56d86702030bb3a9dda.jpg,1,0.623358,"[0.776424, 0.252167, 0.395207]",4,0.12578125,0.59609375,0.05703125,0.15546875
00017_jpg.rf.23b0afe47532d56d86702030bb3a9dda.jpg,1,0.623358,"[0.776424, 0.252167, 0.395207]",5,0.065625,0.7921875,0.13125,0.24375
00017_jpg.rf.23b0afe47532d56d86702030bb3a9dda.jpg,1,0.623358,"[0.776424, 0.252167, 0.395207]",3,0.77578125,0.67890625,0.07421875,0.0671875
00017_jpg.rf.23b0afe47532d56d86702030bb3a9dda.jpg,1,0.623358,"[0.776424, 0.252167, 0.395207]",2,0.75859375,0.6234375,0.0453125,0.0921875
00017_jpg.rf.23b0afe47532d56d86702030bb3a9dda.jpg,1,0.623358,"[0.776424, 0.252167, 0.395207]",1,0.62109375,0.79375,0.25546875,0.371875
00017_jpg.rf.23b0afe47532d56d86702030bb3a9dda.jpg,2,0.627036,"[0.567558, 0.0212795, 0.0838564]",4,0.12578125,0.59609375,0.05703125,0.15546875
00017_jpg.rf.23b0afe47532d56d86702030bb3a9dda.jpg,2,0.627036,"[0.567558, 0.0212795, 0.0838564]",5,0.065625,0.7921875,0.13125,0.24375
00017_jpg.rf.23b0afe47532d56d86702030bb3a9dda.jpg,2,0.627036,"[0.567558, 0.0212795, 0.0838564]",3,0.77578125,0.67890625,0.07421875,0.0671875
00017_jpg.rf.23b0afe47532d56d86702030bb3a9dda.jpg,2,0.627036,"[0.567558, 0.0212795, 0.0838564]",2,0.75859375,0.6234375,0.0453125,0.0921875
00017_jpg.rf.23b0afe47532d56d86702030bb3a9dda.jpg,2,0.627036,"[0.567558, 0.0212795, 0.0838564]",1,0.62109375,0.79375,0.25546875,0.371875
00017_jpg.rf.23b0afe47532d56d86702030bb3a9dda.jpg,3,0.771701,"[0.687454, 0.076652, 0.119336]",4,0.12578125,0.59609375,0.05703125,0.15546875
00017_jpg.rf.23b0afe47532d56d86702030bb3a9dda.jpg,3,0.771701,"[0.687454, 0.076652, 0.119336]",5,0.065625,0.7921875,0.13125,0.24375
00017_jpg.rf.23b0afe47532d56d86702030bb3a9dda.jpg,3,0.771701,"[0.687454, 0.076652, 0.119336]",3,0.77578125,0.67890625,0.07421875,0.0671875
00017_jpg.rf.23b0afe47532d56d86702030bb3a9dda.jpg,3,0.771701,"[0.687454, 0.076652, 0.119336]",2,0.75859375,0.6234375,0.0453125,0.0921875
00017_jpg.rf.23b0afe47532d56d86702030bb3a9dda.jpg,3,0.771701,"[0.687454, 0.076652, 0.119336]",1,0.62109375,0.79375,0.25546875,0.371875
00017_jpg.rf.23b0afe47532d56d86702030bb3a9dda.jpg,2,0.75609,"[0.611883, 0.034481, 0.0772713]",4,0.12578125,0.59609375,0.05703125,0.15546875
00017_jpg.rf.23b0afe47532d56d86702030bb3a9dda.jpg,2,0.75609,"[0.611883, 0.034481, 0.0772713]",5,0.065625,0.7921875,0.13125,0.24375
00017_jpg.rf.23b0afe47532d56d86702030bb3a9dda.jpg,2,0.75609,"[0.611883, 0.034481, 0.0772713]",3,0.77578125,0.67890625,0.07421875,0.0671875
00017_jpg.rf.23b0afe47532d56d86702030bb3a9dda.jpg,2,0.75609,"[0.611883, 0.034481, 0.0772713]",2,0.75859375,0.6234375,0.0453125,0.0921875
00017_jpg.rf.23b0afe47532d56d86702030bb3a9dda.jpg,2,0.75609,"[0.611883, 0.034481, 0.0772713]",1,0.62109375,0.79375,0.25546875,0.371875
00018_jpg.rf.e1b178f8e1469337e8d9351b4091cfcd.jpg,5,0.806078,"[0.637227, 0.213043, 0.249376]",1,0.4625,0.62265625,0.1640625,0.21015625
00018_jpg.rf.e1b178f8e1469337e8d9351b4091cfcd.jpg,5,0.806078,"[0.637227, 0.213043, 0.249376]",2,0.471875,0.49765625,0.025,0.090625
00018_jpg.rf.e1b178f8e1469337e8d9351b4091cfcd.jpg,5,0.806078,"[0.637227, 0.213043, 0.249376]",5,0.8109375,0.63828125,0.21484375,0.25546875
00018_jpg.rf.e1b178f8e1469337e8d9351b4091cfcd.jpg,1,0.46391,"[0.625218, 0.160287, 0.225775]",1,0.4625,0.62265625,0.1640625,0.21015625
00018_jpg.rf.e1b178f8e1469337e8d9351b4091cfcd.jpg,1,0.46391,"[0.625218, 0.160287, 0.225775]",2,0.471875,0.49765625,0.025,0.090625
00018_jpg.rf.e1b178f8e1469337e8d9351b4091cfcd.jpg,1,0.46391,"[0.625218, 0.160287, 0.225775]",5,0.8109375,0.63828125,0.21484375,0.25546875
00018_jpg.rf.e1b178f8e1469337e8d9351b4091cfcd.jpg,2,0.471743,"[0.495733, 0.0287895, 0.0868869]",1,0.4625,0.62265625,0.1640625,0.21015625
00018_jpg.rf.e1b178f8e1469337e8d9351b4091cfcd.jpg,2,0.471743,"[0.495733, 0.0287895, 0.0868869]",2,0.471875,0.49765625,0.025,0.090625
00018_jpg.rf.e1b178f8e1469337e8d9351b4091cfcd.jpg,2,0.471743,"[0.495733, 0.0287895, 0.0868869]",5,0.8109375,0.63828125,0.21484375,0.25546875
00050_jpg.rf.2eaebc792b41ded3bcfd44e7230021e3.jpg,1,0.499024,"[0.736298, 0.407016, 0.383989]",2,0.56171875,0.54140625,0.01796875,0.10703125
00050_jpg.rf.2eaebc792b41ded3bcfd44e7230021e3.jpg,1,0.499024,"[0.736298, 0.407016, 0.383989]",2,0.43125,0.5421875,0.0171875,0.10390625
00050_jpg.rf.2eaebc792b41ded3bcfd44e7230021e3.jpg,1,0.499024,"[0.736298, 0.407016, 0.383989]",3,0.56875,0.6078125,0.03515625,0.06328125
00050_jpg.rf.2eaebc792b41ded3bcfd44e7230021e3.jpg,1,0.499024,"[0.736298, 0.407016, 0.383989]",3,0.41953125,0.6046875,0.0296875,0.05
00050_jpg.rf.2eaebc792b41ded3bcfd44e7230021e3.jpg,1,0.499024,"[0.736298, 0.407016, 0.383989]",2,0.7875,0.56171875,0.03125,0.08984375
00050_jpg.rf.2eaebc792b41ded3bcfd44e7230021e3.jpg,1,0.499024,"[0.736298, 0.407016, 0.383989]",2,0.1953125,0.6390625,0.03828125,0.2640625
00050_jpg.rf.2eaebc792b41ded3bcfd44e7230021e3.jpg,1,0.499024,"[0.736298, 0.407016, 0.383989]",1,0.7033175984375,0.77878528125,0.570789334375,0.5477168906250001
00050_jpg.rf.2eaebc792b41ded3bcfd44e7230021e3.jpg,3,0.212134,"[0.325343, 0.424268, 0.566684]",2,0.56171875,0.54140625,0.01796875,0.10703125
00050_jpg.rf.2eaebc792b41ded3bcfd44e7230021e3.jpg,3,0.212134,"[0.325343, 0.424268, 0.566684]",2,0.43125,0.5421875,0.0171875,0.10390625
00050_jpg.rf.2eaebc792b41ded3bcfd44e7230021e3.jpg,3,0.212134,"[0.325343, 0.424268, 0.566684]",3,0.56875,0.6078125,0.03515625,0.06328125
00050_jpg.rf.2eaebc792b41ded3bcfd44e7230021e3.jpg,3,0.212134,"[0.325343, 0.424268, 0.566684]",3,0.41953125,0.6046875,0.0296875,0.05
00050_jpg.rf.2eaebc792b41ded3bcfd44e7230021e3.jpg,3,0.212134,"[0.325343, 0.424268, 0.566684]",2,0.7875,0.56171875,0.03125,0.08984375
00050_jpg.rf.2eaebc792b41ded3bcfd44e7230021e3.jpg,3,0.212134,"[0.325343, 0.424268, 0.566684]",2,0.1953125,0.6390625,0.03828125,0.2640625
00050_jpg.rf.2eaebc792b41ded3bcfd44e7230021e3.jpg,3,0.212134,"[0.325343, 0.424268, 0.566684]",1,0.7033175984375,0.77878528125,0.570789334375,0.5477168906250001
00050_jpg.rf.2eaebc792b41ded3bcfd44e7230021e3.jpg,2,0.283311,"[0.297558, 0.566622, 0.49048]",2,0.56171875,0.54140625,0.01796875,0.10703125
00050_jpg.rf.2eaebc792b41ded3bcfd44e7230021e3.jpg,2,0.283311,"[0.297558, 0.566622, 0.49048]",2,0.43125,0.5421875,0.0171875,0.10390625
00050_jpg.rf.2eaebc792b41ded3bcfd44e7230021e3.jpg,2,0.283311,"[0.297558, 0.566622, 0.49048]",3,0.56875,0.6078125,0.03515625,0.06328125
00050_jpg.rf.2eaebc792b41ded3bcfd44e7230021e3.jpg,2,0.283311,"[0.297558, 0.566622, 0.49048]",3,0.41953125,0.6046875,0.0296875,0.05
00050_jpg.rf.2eaebc792b41ded3bcfd44e7230021e3.jpg,2,0.283311,"[0.297558, 0.566622, 0.49048]",2,0.7875,0.56171875,0.03125,0.08984375
00050_jpg.rf.2eaebc792b41ded3bcfd44e7230021e3.jpg,2,0.283311,"[0.297558, 0.566622, 0.49048]",2,0.1953125,0.6390625,0.03828125,0.2640625
00050_jpg.rf.2eaebc792b41ded3bcfd44e7230021e3.jpg,2,0.283311,"[0.297558, 0.566622, 0.49048]",1,0.7033175984375,0.77878528125,0.570789334375,0.5477168906250001
00050_jpg.rf.2eaebc792b41ded3bcfd44e7230021e3.jpg,2,0.415545,"[0.338127, 0.74795, 0.455436]",2,0.56171875,0.54140625,0.01796875,0.10703125
00050_jpg.rf.2eaebc792b41ded3bcfd44e7230021e3.jpg,2,0.415545,"[0.338127, 0.74795, 0.455436]",2,0.43125,0.5421875,0.0171875,0.10390625
00050_jpg.rf.2eaebc792b41ded3bcfd44e7230021e3.jpg,2,0.415545,"[0.338127, 0.74795, 0.455436]",3,0.56875,0.6078125,0.03515625,0.06328125
00050_jpg.rf.2eaebc792b41ded3bcfd44e7230021e3.jpg,2,0.415545,"[0.338127, 0.74795, 0.455436]",3,0.41953125,0.6046875,0.0296875,0.05
00050_jpg.rf.2eaebc792b41ded3bcfd44e7230021e3.jpg,2,0.415545,"[0.338127, 0.74795, 0.455436]",2,0.7875,0.56171875,0.03125,0.08984375
00050_jpg.rf.2eaebc792b41ded3bcfd44e7230021e3.jpg,2,0.415545,"[0.338127, 0.74795, 0.455436]",2,0.1953125,0.6390625,0.03828125,0.2640625
00050_jpg.rf.2eaebc792b41ded3bcfd44e7230021e3.jpg,2,0.415545,"[0.338127, 0.74795, 0.455436]",1,0.7033175984375,0.77878528125,0.570789334375,0.5477168906250001
00050_jpg.rf.2eaebc792b41ded3bcfd44e7230021e3.jpg,6,0.952331,"[0.503208, 0.0953373, 0.280108]",2,0.56171875,0.54140625,0.01796875,0.10703125
00050_jpg.rf.2eaebc792b41ded3bcfd44e7230021e3.jpg,6,0.952331,"[0.503208, 0.0953373, 0.280108]",2,0.43125,0.5421875,0.0171875,0.10390625
00050_jpg.rf.2eaebc792b41ded3bcfd44e7230021e3.jpg,6,0.952331,"[0.503208, 0.0953373, 0.280108]",3,0.56875,0.6078125,0.03515625,0.06328125
00050_jpg.rf.2eaebc792b41ded3bcfd44e7230021e3.jpg,6,0.952331,"[0.503208, 0.0953373, 0.280108]",3,0.41953125,0.6046875,0.0296875,0.05
00050_jpg.rf.2eaebc792b41ded3bcfd44e7230021e3.jpg,6,0.952331,"[0.503208, 0.0953373, 0.280108]",2,0.7875,0.56171875,0.03125,0.08984375
00050_jpg.rf.2eaebc792b41ded3bcfd44e7230021e3.jpg,6,0.952331,"[0.503208, 0.0953373, 0.280108]",2,0.1953125,0.6390625,0.03828125,0.2640625
00050_jpg.rf.2eaebc792b41ded3bcfd44e7230021e3.jpg,6,0.952331,"[0.503208, 0.0953373, 0.280108]",1,0.7033175984375,0.77878528125,0.570789334375,0.5477168906250001
00050_jpg.rf.2eaebc792b41ded3bcfd44e7230021e3.jpg,4,0.0955632,"[0.343929, 0.191107, 0.560835]",2,0.56171875,0.54140625,0.01796875,0.10703125
00050_jpg.rf.2eaebc792b41ded3bcfd44e7230021e3.jpg,4,0.0955632,"[0.343929, 0.191107, 0.560835]",2,0.43125,0.5421875,0.0171875,0.10390625
00050_jpg.rf.2eaebc792b41ded3bcfd44e7230021e3.jpg,4,0.0955632,"[0.343929, 0.191107, 0.560835]",3,0.56875,0.6078125,0.03515625,0.06328125
00050_jpg.rf.2eaebc792b41ded3bcfd44e7230021e3.jpg,4,0.0955632,"[0.343929, 0.191107, 0.560835]",3,0.41953125,0.6046875,0.0296875,0.05
00050_jpg.rf.2eaebc792b41ded3bcfd44e7230021e3.jpg,4,0.0955632,"[0.343929, 0.191107, 0.560835]",2,0.7875,0.56171875,0.03125,0.08984375
00050_jpg.rf.2eaebc792b41ded3bcfd44e7230021e3.jpg,4,0.0955632,"[0.343929, 0.191107, 0.560835]",2,0.1953125,0.6390625,0.03828125,0.2640625
00050_jpg.rf.2eaebc792b41ded3bcfd44e7230021e3.jpg,4,0.0955632,"[0.343929, 0.191107, 0.560835]",1,0.7033175984375,0.77878528125,0.570789334375,0.5477168906250001
00063_jpg.rf.26f6a3e8998362c09ccfb7cac6216f01.jpg,1,0.512742,"[0.744047, 0.315191, 0.332887]",1,0.6214096703124999,0.8703343218749999,0.6640899390625,0.7793070703125
00063_jpg.rf.26f6a3e8998362c09ccfb7cac6216f01.jpg,1,0.512742,"[0.744047, 0.315191, 0.332887]",2,0.571875,0.60390625,0.0171875,0.12578125
00063_jpg.rf.26f6a3e8998362c09ccfb7cac6216f01.jpg,1,0.512742,"[0.744047, 0.315191, 0.332887]",3,0.43046875,0.61640625,0.03203125,0.07109375
00063_jpg.rf.26f6a3e8998362c09ccfb7cac6216f01.jpg,1,0.512742,"[0.744047, 0.315191, 0.332887]",6,0.5015625,0.5203125,0.1046875,0.09296875
00063_jpg.rf.26f6a3e8998362c09ccfb7cac6216f01.jpg,1,0.512742,"[0.744047, 0.315191, 0.332887]",0,0.54453125,0.43359375,0.03203125,0.0546875
00063_jpg.rf.26f6a3e8998362c09ccfb7cac6216f01.jpg,1,0.512742,"[0.744047, 0.315191, 0.332887]",0,0.42265625,0.490625,0.0484375,0.103125
00066_jpg.rf.186239acdb98d5c884541928d8e3978f.jpg,3,0.250586,"[0.293844, 0.498167, 0.53846]",0,0.4265625,0.43828125,0.08984375,0.09609375
00066_jpg.rf.186239acdb98d5c884541928d8e3978f.jpg,3,0.250586,"[0.293844, 0.498167, 0.53846]",4,0.72578125,0.359375,0.01953125,0.0515625
00066_jpg.rf.186239acdb98d5c884541928d8e3978f.jpg,3,0.250586,"[0.293844, 0.498167, 0.53846]",5,0.55390625,0.55859375,0.08046875,0.1
00066_jpg.rf.186239acdb98d5c884541928d8e3978f.jpg,3,0.250586,"[0.293844, 0.498167, 0.53846]",3,0.35390625,0.5734375,0.03984375,0.04375
00066_jpg.rf.186239acdb98d5c884541928d8e3978f.jpg,3,0.250586,"[0.293844, 0.498167, 0.53846]",3,0.503125,0.55859375,0.03984375,0.0390625
00066_jpg.rf.186239acdb98d5c884541928d8e3978f.jpg,3,0.250586,"[0.293844, 0.498167, 0.53846]",1,0.59585576875,0.6307011375,0.4809287796875,0.52313846875
00066_jpg.rf.186239acdb98d5c884541928d8e3978f.jpg,3,0.178144,"[0.289649, 0.353418, 0.562424]",0,0.4265625,0.43828125,0.08984375,0.09609375
00066_jpg.rf.186239acdb98d5c884541928d8e3978f.jpg,3,0.178144,"[0.289649, 0.353418, 0.562424]",4,0.72578125,0.359375,0.01953125,0.0515625
00066_jpg.rf.186239acdb98d5c884541928d8e3978f.jpg,3,0.178144,"[0.289649, 0.353418, 0.562424]",5,0.55390625,0.55859375,0.08046875,0.1
00066_jpg.rf.186239acdb98d5c884541928d8e3978f.jpg,3,0.178144,"[0.289649, 0.353418, 0.562424]",3,0.35390625,0.5734375,0.03984375,0.04375
00066_jpg.rf.186239acdb98d5c884541928d8e3978f.jpg,3,0.178144,"[0.289649, 0.353418, 0.562424]",3,0.503125,0.55859375,0.03984375,0.0390625
00066_jpg.rf.186239acdb98d5c884541928d8e3978f.jpg,3,0.178144,"[0.289649, 0.353418, 0.562424]",1,0.59585576875,0.6307011375,0.4809287796875,0.52313846875
00066_jpg.rf.186239acdb98d5c884541928d8e3978f.jpg,1,0.436255,"[0.672292, 0.319789, 0.329139]",0,0.4265625,0.43828125,0.08984375,0.09609375
00066_jpg.rf.186239acdb98d5c884541928d8e3978f.jpg,1,0.436255,"[0.672292, 0.319789, 0.329139]",4,0.72578125,0.359375,0.01953125,0.0515625
00066_jpg.rf.186239acdb98d5c884541928d8e3978f.jpg,1,0.436255,"[0.672292, 0.319789, 0.329139]",5,0.55390625,0.55859375,0.08046875,0.1
00066_jpg.rf.186239acdb98d5c884541928d8e3978f.jpg,1,0.436255,"[0.672292, 0.319789, 0.329139]",3,0.35390625,0.5734375,0.03984375,0.04375
00066_jpg.rf.186239acdb98d5c884541928d8e3978f.jpg,1,0.436255,"[0.672292, 0.319789, 0.329139]",3,0.503125,0.55859375,0.03984375,0.0390625
00066_jpg.rf.186239acdb98d5c884541928d8e3978f.jpg,1,0.436255,"[0.672292, 0.319789, 0.329139]",1,0.59585576875,0.6307011375,0.4809287796875,0.52313846875
00066_jpg.rf.186239acdb98d5c884541928d8e3978f.jpg,2,0.178132,"[0.278508, 0.352964, 0.52249]",0,0.4265625,0.43828125,0.08984375,0.09609375
00066_jpg.rf.186239acdb98d5c884541928d8e3978f.jpg,2,0.178132,"[0.278508, 0.352964, 0.52249]",4,0.72578125,0.359375,0.01953125,0.0515625
00066_jpg.rf.186239acdb98d5c884541928d8e3978f.jpg,2,0.178132,"[0.278508, 0.352964, 0.52249]",5,0.55390625,0.55859375,0.08046875,0.1
00066_jpg.rf.186239acdb98d5c884541928d8e3978f.jpg,2,0.178132,"[0.278508, 0.352964, 0.52249]",3,0.35390625,0.5734375,0.03984375,0.04375
00066_jpg.rf.186239acdb98d5c884541928d8e3978f.jpg,2,0.178132,"[0.278508, 0.352964, 0.52249]",3,0.503125,0.55859375,0.03984375,0.0390625
00066_jpg.rf.186239acdb98d5c884541928d8e3978f.jpg,2,0.178132,"[0.278508, 0.352964, 0.52249]",1,0.59585576875,0.6307011375,0.4809287796875,0.52313846875
00066_jpg.rf.186239acdb98d5c884541928d8e3978f.jpg,4,0.340255,"[0.280258, 0.678293, 0.458305]",0,0.4265625,0.43828125,0.08984375,0.09609375
00066_jpg.rf.186239acdb98d5c884541928d8e3978f.jpg,4,0.340255,"[0.280258, 0.678293, 0.458305]",4,0.72578125,0.359375,0.01953125,0.0515625
00066_jpg.rf.186239acdb98d5c884541928d8e3978f.jpg,4,0.340255,"[0.280258, 0.678293, 0.458305]",5,0.55390625,0.55859375,0.08046875,0.1
00066_jpg.rf.186239acdb98d5c884541928d8e3978f.jpg,4,0.340255,"[0.280258, 0.678293, 0.458305]",3,0.35390625,0.5734375,0.03984375,0.04375
00066_jpg.rf.186239acdb98d5c884541928d8e3978f.jpg,4,0.340255,"[0.280258, 0.678293, 0.458305]",3,0.503125,0.55859375,0.03984375,0.0390625
00066_jpg.rf.186239acdb98d5c884541928d8e3978f.jpg,4,0.340255,"[0.280258, 0.678293, 0.458305]",1,0.59585576875,0.6307011375,0.4809287796875,0.52313846875
00066_jpg.rf.186239acdb98d5c884541928d8e3978f.jpg,0,0.24213,"[0.240233, 0.368845, 0.39897]",0,0.4265625,0.43828125,0.08984375,0.09609375
00066_jpg.rf.186239acdb98d5c884541928d8e3978f.jpg,0,0.24213,"[0.240233, 0.368845, 0.39897]",4,0.72578125,0.359375,0.01953125,0.0515625
00066_jpg.rf.186239acdb98d5c884541928d8e3978f.jpg,0,0.24213,"[0.240233, 0.368845, 0.39897]",5,0.55390625,0.55859375,0.08046875,0.1
00066_jpg.rf.186239acdb98d5c884541928d8e3978f.jpg,0,0.24213,"[0.240233, 0.368845, 0.39897]",3,0.35390625,0.5734375,0.03984375,0.04375
00066_jpg.rf.186239acdb98d5c884541928d8e3978f.jpg,0,0.24213,"[0.240233, 0.368845, 0.39897]",3,0.503125,0.55859375,0.03984375,0.0390625
00066_jpg.rf.186239acdb98d5c884541928d8e3978f.jpg,0,0.24213,"[0.240233, 0.368845, 0.39897]",1,0.59585576875,0.6307011375,0.4809287796875,0.52313846875
00068_jpg.rf.0adc0ac6b527d7031f08640bf7f2db22.jpg,1,0.522078,"[0.735895, 0.335382, 0.314596]",0,0.2984375,0.41171875,0.11015625,0.18359375
00068_jpg.rf.0adc0ac6b527d7031f08640bf7f2db22.jpg,1,0.522078,"[0.735895, 0.335382, 0.314596]",4,0.31171875,0.55546875,0.09140625,0.24453125
00068_jpg.rf.0adc0ac6b527d7031f08640bf7f2db22.jpg,1,0.522078,"[0.735895, 0.335382, 0.314596]",2,0.421875,0.46796875,0.0375,0.07265625
00068_jpg.rf.0adc0ac6b527d7031f08640bf7f2db22.jpg,1,0.522078,"[0.735895, 0.335382, 0.314596]",2,0.178125,0.4578125,0.0390625,0.06640625
00068_jpg.rf.0adc0ac6b527d7031f08640bf7f2db22.jpg,1,0.522078,"[0.735895, 0.335382, 0.314596]",3,0.30859375,0.7109375,0.09140625,0.15
00068_jpg.rf.0adc0ac6b527d7031f08640bf7f2db22.jpg,1,0.522078,"[0.735895, 0.335382, 0.314596]",6,0.8046875,0.47421875,0.10546875,0.24921875
00068_jpg.rf.0adc0ac6b527d7031f08640bf7f2db22.jpg,1,0.522078,"[0.735895, 0.335382, 0.314596]",2,0.8859375,0.4234375,0.02890625,0.071875
00068_jpg.rf.0adc0ac6b527d7031f08640bf7f2db22.jpg,1,0.522078,"[0.735895, 0.335382, 0.314596]",0,0.91796875,0.42890625,0.040625,0.1046875
00068_jpg.rf.0adc0ac6b527d7031f08640bf7f2db22.jpg,1,0.522078,"[0.735895, 0.335382, 0.314596]",4,0.80546875,0.49609375,0.0859375,0.2421875
00068_jpg.rf.0adc0ac6b527d7031f08640bf7f2db22.jpg,1,0.522078,"[0.735895, 0.335382, 0.314596]",1,0.4962382484375,0.8964431812500001,0.6850886218750001,0.8507181234375001
00068_jpg.rf.0adc0ac6b527d7031f08640bf7f2db22.jpg,1,0.522078,"[0.735895, 0.335382, 0.314596]",1,0.2638636328125,0.74009275,0.2601751203125,0.6117674
00068_jpg.rf.0adc0ac6b527d7031f08640bf7f2db22.jpg,2,0.212529,"[0.24821, 0.425059, 0.438286]",0,0.2984375,0.41171875,0.11015625,0.18359375
00068_jpg.rf.0adc0ac6b527d7031f08640bf7f2db22.jpg,2,0.212529,"[0.24821, 0.425059, 0.438286]",4,0.31171875,0.55546875,0.09140625,0.24453125
00068_jpg.rf.0adc0ac6b527d7031f08640bf7f2db22.jpg,2,0.212529,"[0.24821, 0.425059, 0.438286]",2,0.421875,0.46796875,0.0375,0.07265625
00068_jpg.rf.0adc0ac6b527d7031f08640bf7f2db22.jpg,2,0.212529,"[0.24821, 0.425059, 0.438286]",2,0.178125,0.4578125,0.0390625,0.06640625
00068_jpg.rf.0adc0ac6b527d7031f08640bf7f2db22.jpg,2,0.212529,"[0.24821, 0.425059, 0.438286]",3,0.30859375,0.7109375,0.09140625,0.15
00068_jpg.rf.0adc0ac6b527d7031f08640bf7f2db22.jpg,2,0.212529,"[0.24821, 0.425059, 0.438286]",6,0.8046875,0.47421875,0.10546875,0.24921875
00068_jpg.rf.0adc0ac6b527d7031f08640bf7f2db22.jpg,2,0.212529,"[0.24821, 0.425059, 0.438286]",2,0.8859375,0.4234375,0.02890625,0.071875
00068_jpg.rf.0adc0ac6b527d7031f08640bf7f2db22.jpg,2,0.212529,"[0.24821, 0.425059, 0.438286]",0,0.91796875,0.42890625,0.040625,0.1046875
00068_jpg.rf.0adc0ac6b527d7031f08640bf7f2db22.jpg,2,0.212529,"[0.24821, 0.425059, 0.438286]",4,0.80546875,0.49609375,0.0859375,0.2421875
00068_jpg.rf.0adc0ac6b527d7031f08640bf7f2db22.jpg,2,0.212529,"[0.24821, 0.425059, 0.438286]",1,0.4962382484375,0.8964431812500001,0.6850886218750001,0.8507181234375001
00068_jpg.rf.0adc0ac6b527d7031f08640bf7f2db22.jpg,2,0.212529,"[0.24821, 0.425059, 0.438286]",1,0.2638636328125,0.74009275,0.2601751203125,0.6117674
00068_jpg.rf.0adc0ac6b527d7031f08640bf7f2db22.jpg,1,0.133758,"[0.73953, 0.265691, 0.320545]",0,0.2984375,0.41171875,0.11015625,0.18359375
00068_jpg.rf.0adc0ac6b527d7031f08640bf7f2db22.jpg,1,0.133758,"[0.73953, 0.265691, 0.320545]",4,0.31171875,0.55546875,0.09140625,0.24453125
00068_jpg.rf.0adc0ac6b527d7031f08640bf7f2db22.jpg,1,0.133758,"[0.73953, 0.265691, 0.320545]",2,0.421875,0.46796875,0.0375,0.07265625
00068_jpg.rf.0adc0ac6b527d7031f08640bf7f2db22.jpg,1,0.133758,"[0.73953, 0.265691, 0.320545]",2,0.178125,0.4578125,0.0390625,0.06640625
00068_jpg.rf.0adc0ac6b527d7031f08640bf7f2db22.jpg,1,0.133758,"[0.73953, 0.265691, 0.320545]",3,0.30859375,0.7109375,0.09140625,0.15
00068_jpg.rf.0adc0ac6b527d7031f08640bf7f2db22.jpg,1,0.133758,"[0.73953, 0.265691, 0.320545]",6,0.8046875,0.47421875,0.10546875,0.24921875
00068_jpg.rf.0adc0ac6b527d7031f08640bf7f2db22.jpg,1,0.133758,"[0.73953, 0.265691, 0.320545]",2,0.8859375,0.4234375,0.02890625,0.071875
00068_jpg.rf.0adc0ac6b527d7031f08640bf7f2db22.jpg,1,0.133758,"[0.73953, 0.265691, 0.320545]",0,0.91796875,0.42890625,0.040625,0.1046875
00068_jpg.rf.0adc0ac6b527d7031f08640bf7f2db22.jpg,1,0.133758,"[0.73953, 0.265691, 0.320545]",4,0.80546875,0.49609375,0.0859375,0.2421875
00068_jpg.rf.0adc0ac6b527d7031f08640bf7f2db22.jpg,1,0.133758,"[0.73953, 0.265691, 0.320545]",1,0.4962382484375,0.8964431812500001,0.6850886218750001,0.8507181234375001
00068_jpg.rf.0adc0ac6b527d7031f08640bf7f2db22.jpg,1,0.133758,"[0.73953, 0.265691, 0.320545]",1,0.2638636328125,0.74009275,0.2601751203125,0.6117674
00068_jpg.rf.0adc0ac6b527d7031f08640bf7f2db22.jpg,4,0.153898,"[0.338778, 0.305509, 0.463666]",0,0.2984375,0.41171875,0.11015625,0.18359375
00068_jpg.rf.0adc0ac6b527d7031f08640bf7f2db22.jpg,4,0.153898,"[0.338778, 0.305509, 0.463666]",4,0.31171875,0.55546875,0.09140625,0.24453125
00068_jpg.rf.0adc0ac6b527d7031f08640bf7f2db22.jpg,4,0.153898,"[0.338778, 0.305509, 0.463666]",2,0.421875,0.46796875,0.0375,0.07265625
00068_jpg.rf.0adc0ac6b527d7031f08640bf7f2db22.jpg,4,0.153898,"[0.338778, 0.305509, 0.463666]",2,0.178125,0.4578125,0.0390625,0.06640625
00068_jpg.rf.0adc0ac6b527d7031f08640bf7f2db22.jpg,4,0.153898,"[0.338778, 0.305509, 0.463666]",3,0.30859375,0.7109375,0.09140625,0.15
00068_jpg.rf.0adc0ac6b527d7031f08640bf7f2db22.jpg,4,0.153898,"[0.338778, 0.305509, 0.463666]",6,0.8046875,0.47421875,0.10546875,0.24921875
00068_jpg.rf.0adc0ac6b527d7031f08640bf7f2db22.jpg,4,0.153898,"[0.338778, 0.305509, 0.463666]",2,0.8859375,0.4234375,0.02890625,0.071875
00068_jpg.rf.0adc0ac6b527d7031f08640bf7f2db22.jpg,4,0.153898,"[0.338778, 0.305509, 0.463666]",0,0.91796875,0.42890625,0.040625,0.1046875
00068_jpg.rf.0adc0ac6b527d7031f08640bf7f2db22.jpg,4,0.153898,"[0.338778, 0.305509, 0.463666]",4,0.80546875,0.49609375,0.0859375,0.2421875
00068_jpg.rf.0adc0ac6b527d7031f08640bf7f2db22.jpg,4,0.153898,"[0.338778, 0.305509, 0.463666]",1,0.4962382484375,0.8964431812500001,0.6850886218750001,0.8507181234375001
00068_jpg.rf.0adc0ac6b527d7031f08640bf7f2db22.jpg,4,0.153898,"[0.338778, 0.305509, 0.463666]",1,0.2638636328125,0.74009275,0.2601751203125,0.6117674
00068_jpg.rf.0adc0ac6b527d7031f08640bf7f2db22.jpg,2,0.0898838,"[0.265276, 0.179745, 0.387913]",0,0.2984375,0.41171875,0.11015625,0.18359375
00068_jpg.rf.0adc0ac6b527d7031f08640bf7f2db22.jpg,2,0.0898838,"[0.265276, 0.179745, 0.387913]",4,0.31171875,0.55546875,0.09140625,0.24453125
00068_jpg.rf.0adc0ac6b527d7031f08640bf7f2db22.jpg,2,0.0898838,"[0.265276, 0.179745, 0.387913]",2,0.421875,0.46796875,0.0375,0.07265625
00068_jpg.rf.0adc0ac6b527d7031f08640bf7f2db22.jpg,2,0.0898838,"[0.265276, 0.179745, 0.387913]",2,0.178125,0.4578125,0.0390625,0.06640625
00068_jpg.rf.0adc0ac6b527d7031f08640bf7f2db22.jpg,2,0.0898838,"[0.265276, 0.179745, 0.387913]",3,0.30859375,0.7109375,0.09140625,0.15
00068_jpg.rf.0adc0ac6b527d7031f08640bf7f2db22.jpg,2,0.0898838,"[0.265276, 0.179745, 0.387913]",6,0.8046875,0.47421875,0.10546875,0.24921875
00068_jpg.rf.0adc0ac6b527d7031f08640bf7f2db22.jpg,2,0.0898838,"[0.265276, 0.179745, 0.387913]",2,0.8859375,0.4234375,0.02890625,0.071875
00068_jpg.rf.0adc0ac6b527d7031f08640bf7f2db22.jpg,2,0.0898838,"[0.265276, 0.179745, 0.387913]",0,0.91796875,0.42890625,0.040625,0.1046875
00068_jpg.rf.0adc0ac6b527d7031f08640bf7f2db22.jpg,2,0.0898838,"[0.265276, 0.179745, 0.387913]",4,0.80546875,0.49609375,0.0859375,0.2421875
00068_jpg.rf.0adc0ac6b527d7031f08640bf7f2db22.jpg,2,0.0898838,"[0.265276, 0.179745, 0.387913]",1,0.4962382484375,0.8964431812500001,0.6850886218750001,0.8507181234375001
00068_jpg.rf.0adc0ac6b527d7031f08640bf7f2db22.jpg,2,0.0898838,"[0.265276, 0.179745, 0.387913]",1,0.2638636328125,0.74009275,0.2601751203125,0.6117674
00068_jpg.rf.0adc0ac6b527d7031f08640bf7f2db22.jpg,2,0.441544,"[0.225228, 0.879341, 0.398902]",0,0.2984375,0.41171875,0.11015625,0.18359375
00068_jpg.rf.0adc0ac6b527d7031f08640bf7f2db22.jpg,2,0.441544,"[0.225228, 0.879341, 0.398902]",4,0.31171875,0.55546875,0.09140625,0.24453125
00068_jpg.rf.0adc0ac6b527d7031f08640bf7f2db22.jpg,2,0.441544,"[0.225228, 0.879341, 0.398902]",2,0.421875,0.46796875,0.0375,0.07265625
00068_jpg.rf.0adc0ac6b527d7031f08640bf7f2db22.jpg,2,0.441544,"[0.225228, 0.879341, 0.398902]",2,0.178125,0.4578125,0.0390625,0.06640625
00068_jpg.rf.0adc0ac6b527d7031f08640bf7f2db22.jpg,2,0.441544,"[0.225228, 0.879341, 0.398902]",3,0.30859375,0.7109375,0.09140625,0.15
00068_jpg.rf.0adc0ac6b527d7031f08640bf7f2db22.jpg,2,0.441544,"[0.225228, 0.879341, 0.398902]",6,0.8046875,0.47421875,0.10546875,0.24921875
00068_jpg.rf.0adc0ac6b527d7031f08640bf7f2db22.jpg,2,0.441544,"[0.225228, 0.879341, 0.398902]",2,0.8859375,0.4234375,0.02890625,0.071875
00068_jpg.rf.0adc0ac6b527d7031f08640bf7f2db22.jpg,2,0.441544,"[0.225228, 0.879341, 0.398902]",0,0.91796875,0.42890625,0.040625,0.1046875
00068_jpg.rf.0adc0ac6b527d7031f08640bf7f2db22.jpg,2,0.441544,"[0.225228, 0.879341, 0.398902]",4,0.80546875,0.49609375,0.0859375,0.2421875
00068_jpg.rf.0adc0ac6b527d7031f08640bf7f2db22.jpg,2,0.441544,"[0.225228, 0.879341, 0.398902]",1,0.4962382484375,0.8964431812500001,0.6850886218750001,0.8507181234375001
00068_jpg.rf.0adc0ac6b527d7031f08640bf7f2db22.jpg,2,0.441544,"[0.225228, 0.879341, 0.398902]",1,0.2638636328125,0.74009275,0.2601751203125,0.6117674
00068_jpg.rf.0adc0ac6b527d7031f08640bf7f2db22.jpg,0,0.161522,"[0.268872, 0.281035, 0.308456]",0,0.2984375,0.41171875,0.11015625,0.18359375
00068_jpg.rf.0adc0ac6b527d7031f08640bf7f2db22.jpg,0,0.161522,"[0.268872, 0.281035, 0.308456]",4,0.31171875,0.55546875,0.09140625,0.24453125
00068_jpg.rf.0adc0ac6b527d7031f08640bf7f2db22.jpg,0,0.161522,"[0.268872, 0.281035, 0.308456]",2,0.421875,0.46796875,0.0375,0.07265625
00068_jpg.rf.0adc0ac6b527d7031f08640bf7f2db22.jpg,0,0.161522,"[0.268872, 0.281035, 0.308456]",2,0.178125,0.4578125,0.0390625,0.06640625
00068_jpg.rf.0adc0ac6b527d7031f08640bf7f2db22.jpg,0,0.161522,"[0.268872, 0.281035, 0.308456]",3,0.30859375,0.7109375,0.09140625,0.15
00068_jpg.rf.0adc0ac6b527d7031f08640bf7f2db22.jpg,0,0.161522,"[0.268872, 0.281035, 0.308456]",6,0.8046875,0.47421875,0.10546875,0.24921875
00068_jpg.rf.0adc0ac6b527d7031f08640bf7f2db22.jpg,0,0.161522,"[0.268872, 0.281035, 0.308456]",2,0.8859375,0.4234375,0.02890625,0.071875
00068_jpg.rf.0adc0ac6b527d7031f08640bf7f2db22.jpg,0,0.161522,"[0.268872, 0.281035, 0.308456]",0,0.91796875,0.42890625,0.040625,0.1046875
00068_jpg.rf.0adc0ac6b527d7031f08640bf7f2db22.jpg,0,0.161522,"[0.268872, 0.281035, 0.308456]",4,0.80546875,0.49609375,0.0859375,0.2421875
00068_jpg.rf.0adc0ac6b527d7031f08640bf7f2db22.jpg,0,0.161522,"[0.268872, 0.281035, 0.308456]",1,0.4962382484375,0.8964431812500001,0.6850886218750001,0.8507181234375001
00068_jpg.rf.0adc0ac6b527d7031f08640bf7f2db22.jpg,0,0.161522,"[0.268872, 0.281035, 0.308456]",1,0.2638636328125,0.74009275,0.2601751203125,0.6117674
00068_jpg.rf.0adc0ac6b527d7031f08640bf7f2db22.jpg,2,0.94183,"[0.234159, 0.116018, 0.381833]",0,0.2984375,0.41171875,0.11015625,0.18359375
00068_jpg.rf.0adc0ac6b527d7031f08640bf7f2db22.jpg,2,0.94183,"[0.234159, 0.116018, 0.381833]",4,0.31171875,0.55546875,0.09140625,0.24453125
00068_jpg.rf.0adc0ac6b527d7031f08640bf7f2db22.jpg,2,0.94183,"[0.234159, 0.116018, 0.381833]",2,0.421875,0.46796875,0.0375,0.07265625
00068_jpg.rf.0adc0ac6b527d7031f08640bf7f2db22.jpg,2,0.94183,"[0.234159, 0.116018, 0.381833]",2,0.178125,0.4578125,0.0390625,0.06640625
00068_jpg.rf.0adc0ac6b527d7031f08640bf7f2db22.jpg,2,0.94183,"[0.234159, 0.116018, 0.381833]",3,0.30859375,0.7109375,0.09140625,0.15
00068_jpg.rf.0adc0ac6b527d7031f08640bf7f2db22.jpg,2,0.94183,"[0.234159, 0.116018, 0.381833]",6,0.8046875,0.47421875,0.10546875,0.24921875
00068_jpg.rf.0adc0ac6b527d7031f08640bf7f2db22.jpg,2,0.94183,"[0.234159, 0.116018, 0.381833]",2,0.8859375,0.4234375,0.02890625,0.071875
00068_jpg.rf.0adc0ac6b527d7031f08640bf7f2db22.jpg,2,0.94183,"[0.234159, 0.116018, 0.381833]",0,0.91796875,0.42890625,0.040625,0.1046875
00068_jpg.rf.0adc0ac6b527d7031f08640bf7f2db22.jpg,2,0.94183,"[0.234159, 0.116018, 0.381833]",4,0.80546875,0.49609375,0.0859375,0.2421875
00068_jpg.rf.0adc0ac6b527d7031f08640bf7f2db22.jpg,2,0.94183,"[0.234159, 0.116018, 0.381833]",1,0.4962382484375,0.8964431812500001,0.6850886218750001,0.8507181234375001
00068_jpg.rf.0adc0ac6b527d7031f08640bf7f2db22.jpg,2,0.94183,"[0.234159, 0.116018, 0.381833]",1,0.2638636328125,0.74009275,0.2601751203125,0.6117674
00068_jpg.rf.0adc0ac6b527d7031f08640bf7f2db22.jpg,4,0.89863,"[0.303873, 0.202741, 0.397513]",0,0.2984375,0.41171875,0.11015625,0.18359375
00068_jpg.rf.0adc0ac6b527d7031f08640bf7f2db22.jpg,4,0.89863,"[0.303873, 0.202741, 0.397513]",4,0.31171875,0.55546875,0.09140625,0.24453125
00068_jpg.rf.0adc0ac6b527d7031f08640bf7f2db22.jpg,4,0.89863,"[0.303873, 0.202741, 0.397513]",2,0.421875,0.46796875,0.0375,0.07265625
00068_jpg.rf.0adc0ac6b527d7031f08640bf7f2db22.jpg,4,0.89863,"[0.303873, 0.202741, 0.397513]",2,0.178125,0.4578125,0.0390625,0.06640625
00068_jpg.rf.0adc0ac6b527d7031f08640bf7f2db22.jpg,4,0.89863,"[0.303873, 0.202741, 0.397513]",3,0.30859375,0.7109375,0.09140625,0.15
00068_jpg.rf.0adc0ac6b527d7031f08640bf7f2db22.jpg,4,0.89863,"[0.303873, 0.202741, 0.397513]",6,0.8046875,0.47421875,0.10546875,0.24921875
00068_jpg.rf.0adc0ac6b527d7031f08640bf7f2db22.jpg,4,0.89863,"[0.303873, 0.202741, 0.397513]",2,0.8859375,0.4234375,0.02890625,0.071875
00068_jpg.rf.0adc0ac6b527d7031f08640bf7f2db22.jpg,4,0.89863,"[0.303873, 0.202741, 0.397513]",0,0.91796875,0.42890625,0.040625,0.1046875
00068_jpg.rf.0adc0ac6b527d7031f08640bf7f2db22.jpg,4,0.89863,"[0.303873, 0.202741, 0.397513]",4,0.80546875,0.49609375,0.0859375,0.2421875
00068_jpg.rf.0adc0ac6b527d7031f08640bf7f2db22.jpg,4,0.89863,"[0.303873, 0.202741, 0.397513]",1,0.4962382484375,0.8964431812500001,0.6850886218750001,0.8507181234375001
00068_jpg.rf.0adc0ac6b527d7031f08640bf7f2db22.jpg,4,0.89863,"[0.303873, 0.202741, 0.397513]",1,0.2638636328125,0.74009275,0.2601751203125,0.6117674
00068_jpg.rf.0adc0ac6b527d7031f08640bf7f2db22.jpg,3,0.157766,"[0.414824, 0.312912, 0.576388]",0,0.2984375,0.41171875,0.11015625,0.18359375
00068_jpg.rf.0adc0ac6b527d7031f08640bf7f2db22.jpg,3,0.157766,"[0.414824, 0.312912, 0.576388]",4,0.31171875,0.55546875,0.09140625,0.24453125
00068_jpg.rf.0adc0ac6b527d7031f08640bf7f2db22.jpg,3,0.157766,"[0.414824, 0.312912, 0.576388]",2,0.421875,0.46796875,0.0375,0.07265625
00068_jpg.rf.0adc0ac6b527d7031f08640bf7f2db22.jpg,3,0.157766,"[0.414824, 0.312912, 0.576388]",2,0.178125,0.4578125,0.0390625,0.06640625
00068_jpg.rf.0adc0ac6b527d7031f08640bf7f2db22.jpg,3,0.157766,"[0.414824, 0.312912, 0.576388]",3,0.30859375,0.7109375,0.09140625,0.15
00068_jpg.rf.0adc0ac6b527d7031f08640bf7f2db22.jpg,3,0.157766,"[0.414824, 0.312912, 0.576388]",6,0.8046875,0.47421875,0.10546875,0.24921875
00068_jpg.rf.0adc0ac6b527d7031f08640bf7f2db22.jpg,3,0.157766,"[0.414824, 0.312912, 0.576388]",2,0.8859375,0.4234375,0.02890625,0.071875
00068_jpg.rf.0adc0ac6b527d7031f08640bf7f2db22.jpg,3,0.157766,"[0.414824, 0.312912, 0.576388]",0,0.91796875,0.42890625,0.040625,0.1046875
00068_jpg.rf.0adc0ac6b527d7031f08640bf7f2db22.jpg,3,0.157766,"[0.414824, 0.312912, 0.576388]",4,0.80546875,0.49609375,0.0859375,0.2421875
00068_jpg.rf.0adc0ac6b527d7031f08640bf7f2db22.jpg,3,0.157766,"[0.414824, 0.312912, 0.576388]",1,0.4962382484375,0.8964431812500001,0.6850886218750001,0.8507181234375001
00068_jpg.rf.0adc0ac6b527d7031f08640bf7f2db22.jpg,3,0.157766,"[0.414824, 0.312912, 0.576388]",1,0.2638636328125,0.74009275,0.2601751203125,0.6117674
00068_jpg.rf.0adc0ac6b527d7031f08640bf7f2db22.jpg,1,0.947372,"[0.723885, 0.105256, 0.373403]",0,0.2984375,0.41171875,0.11015625,0.18359375
00068_jpg.rf.0adc0ac6b527d7031f08640bf7f2db22.jpg,1,0.947372,"[0.723885, 0.105256, 0.373403]",4,0.31171875,0.55546875,0.09140625,0.24453125
00068_jpg.rf.0adc0ac6b527d7031f08640bf7f2db22.jpg,1,0.947372,"[0.723885, 0.105256, 0.373403]",2,0.421875,0.46796875,0.0375,0.07265625
00068_jpg.rf.0adc0ac6b527d7031f08640bf7f2db22.jpg,1,0.947372,"[0.723885, 0.105256, 0.373403]",2,0.178125,0.4578125,0.0390625,0.06640625
00068_jpg.rf.0adc0ac6b527d7031f08640bf7f2db22.jpg,1,0.947372,"[0.723885, 0.105256, 0.373403]",3,0.30859375,0.7109375,0.09140625,0.15
00068_jpg.rf.0adc0ac6b527d7031f08640bf7f2db22.jpg,1,0.947372,"[0.723885, 0.105256, 0.373403]",6,0.8046875,0.47421875,0.10546875,0.24921875
00068_jpg.rf.0adc0ac6b527d7031f08640bf7f2db22.jpg,1,0.947372,"[0.723885, 0.105256, 0.373403]",2,0.8859375,0.4234375,0.02890625,0.071875
00068_jpg.rf.0adc0ac6b527d7031f08640bf7f2db22.jpg,1,0.947372,"[0.723885, 0.105256, 0.373403]",0,0.91796875,0.42890625,0.040625,0.1046875
00068_jpg.rf.0adc0ac6b527d7031f08640bf7f2db22.jpg,1,0.947372,"[0.723885, 0.105256, 0.373403]",4,0.80546875,0.49609375,0.0859375,0.2421875
00068_jpg.rf.0adc0ac6b527d7031f08640bf7f2db22.jpg,1,0.947372,"[0.723885, 0.105256, 0.373403]",1,0.4962382484375,0.8964431812500001,0.6850886218750001,0.8507181234375001
00068_jpg.rf.0adc0ac6b527d7031f08640bf7f2db22.jpg,1,0.947372,"[0.723885, 0.105256, 0.373403]",1,0.2638636328125,0.74009275,0.2601751203125,0.6117674
00068_jpg.rf.0adc0ac6b527d7031f08640bf7f2db22.jpg,6,0.572052,"[0.353212, 0.463536, 0.246003]",0,0.2984375,0.41171875,0.11015625,0.18359375
00068_jpg.rf.0adc0ac6b527d7031f08640bf7f2db22.jpg,6,0.572052,"[0.353212, 0.463536, 0.246003]",4,0.31171875,0.55546875,0.09140625,0.24453125
00068_jpg.rf.0adc0ac6b527d7031f08640bf7f2db22.jpg,6,0.572052,"[0.353212, 0.463536, 0.246003]",2,0.421875,0.46796875,0.0375,0.07265625
00068_jpg.rf.0adc0ac6b527d7031f08640bf7f2db22.jpg,6,0.572052,"[0.353212, 0.463536, 0.246003]",2,0.178125,0.4578125,0.0390625,0.06640625
00068_jpg.rf.0adc0ac6b527d7031f08640bf7f2db22.jpg,6,0.572052,"[0.353212, 0.463536, 0.246003]",3,0.30859375,0.7109375,0.09140625,0.15
00068_jpg.rf.0adc0ac6b527d7031f08640bf7f2db22.jpg,6,0.572052,"[0.353212, 0.463536, 0.246003]",6,0.8046875,0.47421875,0.10546875,0.24921875
00068_jpg.rf.0adc0ac6b527d7031f08640bf7f2db22.jpg,6,0.572052,"[0.353212, 0.463536, 0.246003]",2,0.8859375,0.4234375,0.02890625,0.071875
00068_jpg.rf.0adc0ac6b527d7031f08640bf7f2db22.jpg,6,0.572052,"[0.353212, 0.463536, 0.246003]",0,0.91796875,0.42890625,0.040625,0.1046875
00068_jpg.rf.0adc0ac6b527d7031f08640bf7f2db22.jpg,6,0.572052,"[0.353212, 0.463536, 0.246003]",4,0.80546875,0.49609375,0.0859375,0.2421875
00068_jpg.rf.0adc0ac6b527d7031f08640bf7f2db22.jpg,6,0.572052,"[0.353212, 0.463536, 0.246003]",1,0.4962382484375,0.8964431812500001,0.6850886218750001,0.8507181234375001
00068_jpg.rf.0adc0ac6b527d7031f08640bf7f2db22.jpg,6,0.572052,"[0.353212, 0.463536, 0.246003]",1,0.2638636328125,0.74009275,0.2601751203125,0.6117674
00068_jpg.rf.0adc0ac6b527d7031f08640bf7f2db22.jpg,0,0.52848,"[0.262995, 0.458319, 0.313821]",0,0.2984375,0.41171875,0.11015625,0.18359375
00068_jpg.rf.0adc0ac6b527d7031f08640bf7f2db22.jpg,0,0.52848,"[0.262995, 0.458319, 0.313821]",4,0.31171875,0.55546875,0.09140625,0.24453125
00068_jpg.rf.0adc0ac6b527d7031f08640bf7f2db22.jpg,0,0.52848,"[0.262995, 0.458319, 0.313821]",2,0.421875,0.46796875,0.0375,0.07265625
00068_jpg.rf.0adc0ac6b527d7031f08640bf7f2db22.jpg,0,0.52848,"[0.262995, 0.458319, 0.313821]",2,0.178125,0.4578125,0.0390625,0.06640625
00068_jpg.rf.0adc0ac6b527d7031f08640bf7f2db22.jpg,0,0.52848,"[0.262995, 0.458319, 0.313821]",3,0.30859375,0.7109375,0.09140625,0.15
00068_jpg.rf.0adc0ac6b527d7031f08640bf7f2db22.jpg,0,0.52848,"[0.262995, 0.458319, 0.313821]",6,0.8046875,0.47421875,0.10546875,0.24921875
00068_jpg.rf.0adc0ac6b527d7031f08640bf7f2db22.jpg,0,0.52848,"[0.262995, 0.458319, 0.313821]",2,0.8859375,0.4234375,0.02890625,0.071875
00068_jpg.rf.0adc0ac6b527d7031f08640bf7f2db22.jpg,0,0.52848,"[0.262995, 0.458319, 0.313821]",0,0.91796875,0.42890625,0.040625,0.1046875
00068_jpg.rf.0adc0ac6b527d7031f08640bf7f2db22.jpg,0,0.52848,"[0.262995, 0.458319, 0.313821]",4,0.80546875,0.49609375,0.0859375,0.2421875
00068_jpg.rf.0adc0ac6b527d7031f08640bf7f2db22.jpg,0,0.52848,"[0.262995, 0.458319, 0.313821]",1,0.4962382484375,0.8964431812500001,0.6850886218750001,0.8507181234375001
00068_jpg.rf.0adc0ac6b527d7031f08640bf7f2db22.jpg,0,0.52848,"[0.262995, 0.458319, 0.313821]",1,0.2638636328125,0.74009275,0.2601751203125,0.6117674
00068_jpg.rf.0adc0ac6b527d7031f08640bf7f2db22.jpg,0,0.916935,"[0.430876, 0.0440823, 0.102829]",0,0.2984375,0.41171875,0.11015625,0.18359375
00068_jpg.rf.0adc0ac6b527d7031f08640bf7f2db22.jpg,0,0.916935,"[0.430876, 0.0440823, 0.102829]",4,0.31171875,0.55546875,0.09140625,0.24453125
00068_jpg.rf.0adc0ac6b527d7031f08640bf7f2db22.jpg,0,0.916935,"[0.430876, 0.0440823, 0.102829]",2,0.421875,0.46796875,0.0375,0.07265625
00068_jpg.rf.0adc0ac6b527d7031f08640bf7f2db22.jpg,0,0.916935,"[0.430876, 0.0440823, 0.102829]",2,0.178125,0.4578125,0.0390625,0.06640625
00068_jpg.rf.0adc0ac6b527d7031f08640bf7f2db22.jpg,0,0.916935,"[0.430876, 0.0440823, 0.102829]",3,0.30859375,0.7109375,0.09140625,0.15
00068_jpg.rf.0adc0ac6b527d7031f08640bf7f2db22.jpg,0,0.916935,"[0.430876, 0.0440823, 0.102829]",6,0.8046875,0.47421875,0.10546875,0.24921875
00068_jpg.rf.0adc0ac6b527d7031f08640bf7f2db22.jpg,0,0.916935,"[0.430876, 0.0440823, 0.102829]",2,0.8859375,0.4234375,0.02890625,0.071875
00068_jpg.rf.0adc0ac6b527d7031f08640bf7f2db22.jpg,0,0.916935,"[0.430876, 0.0440823, 0.102829]",0,0.91796875,0.42890625,0.040625,0.1046875
00068_jpg.rf.0adc0ac6b527d7031f08640bf7f2db22.jpg,0,0.916935,"[0.430876, 0.0440823, 0.102829]",4,0.80546875,0.49609375,0.0859375,0.2421875
00068_jpg.rf.0adc0ac6b527d7031f08640bf7f2db22.jpg,0,0.916935,"[0.430876, 0.0440823, 0.102829]",1,0.4962382484375,0.8964431812500001,0.6850886218750001,0.8507181234375001
00068_jpg.rf.0adc0ac6b527d7031f08640bf7f2db22.jpg,0,0.916935,"[0.430876, 0.0440823, 0.102829]",1,0.2638636328125,0.74009275,0.2601751203125,0.6117674
00076_jpg.rf.7b9cac4d79d30505180ebb15eabaf5d1.jpg,1,0.257879,"[0.705595, 0.212868, 0.287594]",3,0.14140625,0.64296875,0.04296875,0.0765625
00076_jpg.rf.7b9cac4d79d30505180ebb15eabaf5d1.jpg,1,0.257879,"[0.705595, 0.212868, 0.287594]",1,0.2837318890625,0.82172594375,0.36332545,0.7158984984375001
00076_jpg.rf.7b9cac4d79d30505180ebb15eabaf5d1.jpg,3,0.14181,"[0.643408, 0.0450757, 0.0961298]",3,0.14140625,0.64296875,0.04296875,0.0765625
00076_jpg.rf.7b9cac4d79d30505180ebb15eabaf5d1.jpg,3,0.14181,"[0.643408, 0.0450757, 0.0961298]",1,0.2837318890625,0.82172594375,0.36332545,0.7158984984375001
00076_jpg.rf.7b9cac4d79d30505180ebb15eabaf5d1.jpg,3,0.285031,"[0.59874, 0.0259633, 0.0420918]",3,0.14140625,0.64296875,0.04296875,0.0765625
00076_jpg.rf.7b9cac4d79d30505180ebb15eabaf5d1.jpg,3,0.285031,"[0.59874, 0.0259633, 0.0420918]",1,0.2837318890625,0.82172594375,0.36332545,0.7158984984375001
00076_jpg.rf.7b9cac4d79d30505180ebb15eabaf5d1.jpg,2,0.256676,"[0.448126, 0.028029, 0.0592575]",3,0.14140625,0.64296875,0.04296875,0.0765625
00076_jpg.rf.7b9cac4d79d30505180ebb15eabaf5d1.jpg,2,0.256676,"[0.448126, 0.028029, 0.0592575]",1,0.2837318890625,0.82172594375,0.36332545,0.7158984984375001
00076_jpg.rf.7b9cac4d79d30505180ebb15eabaf5d1.jpg,2,0.359362,"[0.552264, 0.019146, 0.0765995]",3,0.14140625,0.64296875,0.04296875,0.0765625
00076_jpg.rf.7b9cac4d79d30505180ebb15eabaf5d1.jpg,2,0.359362,"[0.552264, 0.019146, 0.0765995]",1,0.2837318890625,0.82172594375,0.36332545,0.7158984984375001
00079_jpg.rf.9e3e65d91ae9c9d081f3e5427e192293.jpg,1,0.411425,"[0.731846, 0.204253, 0.342081]",0,0.35625,0.48046875,0.046875,0.07890625
00079_jpg.rf.9e3e65d91ae9c9d081f3e5427e192293.jpg,1,0.411425,"[0.731846, 0.204253, 0.342081]",0,0.20234375,0.46953125,0.0234375,0.053125
00079_jpg.rf.9e3e65d91ae9c9d081f3e5427e192293.jpg,1,0.411425,"[0.731846, 0.204253, 0.342081]",0,0.7028170578124999,0.3755326515625,0.6429111484375001,0.4079487078125
00079_jpg.rf.9e3e65d91ae9c9d081f3e5427e192293.jpg,1,0.411425,"[0.731846, 0.204253, 0.342081]",5,0.187379209375,0.7194678421875,0.2583496828125,0.7663681171875
00079_jpg.rf.9e3e65d91ae9c9d081f3e5427e192293.jpg,1,0.411425,"[0.731846, 0.204253, 0.342081]",1,0.482086965625,0.80540613125,0.5145649859375,0.6935669437499999
00079_jpg.rf.9e3e65d91ae9c9d081f3e5427e192293.jpg,1,0.411425,"[0.731846, 0.204253, 0.342081]",6,0.6263226703125,0.455457990625,0.60252771875,0.462378546875
00079_jpg.rf.9e3e65d91ae9c9d081f3e5427e192293.jpg,1,0.411425,"[0.731846, 0.204253, 0.342081]",2,0.75234375,0.415625,0.05234375,0.078125
00079_jpg.rf.9e3e65d91ae9c9d081f3e5427e192293.jpg,1,0.411425,"[0.731846, 0.204253, 0.342081]",2,0.6296875,0.4546875,0.02265625,0.0578125
00079_jpg.rf.9e3e65d91ae9c9d081f3e5427e192293.jpg,1,0.411425,"[0.731846, 0.204253, 0.342081]",2,0.2984375,0.58046875,0.0171875,0.053125
00079_jpg.rf.9e3e65d91ae9c9d081f3e5427e192293.jpg,1,0.411425,"[0.731846, 0.204253, 0.342081]",2,0.41328125,0.56328125,0.01484375,0.04375
00079_jpg.rf.9e3e65d91ae9c9d081f3e5427e192293.jpg,1,0.411425,"[0.731846, 0.204253, 0.342081]",3,0.29609375,0.65234375,0.03828125,0.109375
00079_jpg.rf.9e3e65d91ae9c9d081f3e5427e192293.jpg,1,0.411425,"[0.731846, 0.204253, 0.342081]",0,0.99623005625,0.3592522812499999,0.92383935625,0.3886348921874999
00079_jpg.rf.9e3e65d91ae9c9d081f3e5427e192293.jpg,1,0.411425,"[0.731846, 0.204253, 0.342081]",0,0.46875,0.49921875,0.0125,0.03828125
00079_jpg.rf.9e3e65d91ae9c9d081f3e5427e192293.jpg,3,0.644018,"[0.345377, 0.693437, 0.623751]",0,0.35625,0.48046875,0.046875,0.07890625
00079_jpg.rf.9e3e65d91ae9c9d081f3e5427e192293.jpg,3,0.644018,"[0.345377, 0.693437, 0.623751]",0,0.20234375,0.46953125,0.0234375,0.053125
00079_jpg.rf.9e3e65d91ae9c9d081f3e5427e192293.jpg,3,0.644018,"[0.345377, 0.693437, 0.623751]",0,0.7028170578124999,0.3755326515625,0.6429111484375001,0.4079487078125
00079_jpg.rf.9e3e65d91ae9c9d081f3e5427e192293.jpg,3,0.644018,"[0.345377, 0.693437, 0.623751]",5,0.187379209375,0.7194678421875,0.2583496828125,0.7663681171875
00079_jpg.rf.9e3e65d91ae9c9d081f3e5427e192293.jpg,3,0.644018,"[0.345377, 0.693437, 0.623751]",1,0.482086965625,0.80540613125,0.5145649859375,0.6935669437499999
00079_jpg.rf.9e3e65d91ae9c9d081f3e5427e192293.jpg,3,0.644018,"[0.345377, 0.693437, 0.623751]",6,0.6263226703125,0.455457990625,0.60252771875,0.462378546875
00079_jpg.rf.9e3e65d91ae9c9d081f3e5427e192293.jpg,3,0.644018,"[0.345377, 0.693437, 0.623751]",2,0.75234375,0.415625,0.05234375,0.078125
00079_jpg.rf.9e3e65d91ae9c9d081f3e5427e192293.jpg,3,0.644018,"[0.345377, 0.693437, 0.623751]",2,0.6296875,0.4546875,0.02265625,0.0578125
00079_jpg.rf.9e3e65d91ae9c9d081f3e5427e192293.jpg,3,0.644018,"[0.345377, 0.693437, 0.623751]",2,0.2984375,0.58046875,0.0171875,0.053125
00079_jpg.rf.9e3e65d91ae9c9d081f3e5427e192293.jpg,3,0.644018,"[0.345377, 0.693437, 0.623751]",2,0.41328125,0.56328125,0.01484375,0.04375
00079_jpg.rf.9e3e65d91ae9c9d081f3e5427e192293.jpg,3,0.644018,"[0.345377, 0.693437, 0.623751]",3,0.29609375,0.65234375,0.03828125,0.109375
00079_jpg.rf.9e3e65d91ae9c9d081f3e5427e192293.jpg,3,0.644018,"[0.345377, 0.693437, 0.623751]",0,0.99623005625,0.3592522812499999,0.92383935625,0.3886348921874999
00079_jpg.rf.9e3e65d91ae9c9d081f3e5427e192293.jpg,3,0.644018,"[0.345377, 0.693437, 0.623751]",0,0.46875,0.49921875,0.0125,0.03828125
00079_jpg.rf.9e3e65d91ae9c9d081f3e5427e192293.jpg,0,0.959349,"[0.431534, 0.0760296, 0.146085]",0,0.35625,0.48046875,0.046875,0.07890625
00079_jpg.rf.9e3e65d91ae9c9d081f3e5427e192293.jpg,0,0.959349,"[0.431534, 0.0760296, 0.146085]",0,0.20234375,0.46953125,0.0234375,0.053125
00079_jpg.rf.9e3e65d91ae9c9d081f3e5427e192293.jpg,0,0.959349,"[0.431534, 0.0760296, 0.146085]",0,0.7028170578124999,0.3755326515625,0.6429111484375001,0.4079487078125
00079_jpg.rf.9e3e65d91ae9c9d081f3e5427e192293.jpg,0,0.959349,"[0.431534, 0.0760296, 0.146085]",5,0.187379209375,0.7194678421875,0.2583496828125,0.7663681171875
00079_jpg.rf.9e3e65d91ae9c9d081f3e5427e192293.jpg,0,0.959349,"[0.431534, 0.0760296, 0.146085]",1,0.482086965625,0.80540613125,0.5145649859375,0.6935669437499999
00079_jpg.rf.9e3e65d91ae9c9d081f3e5427e192293.jpg,0,0.959349,"[0.431534, 0.0760296, 0.146085]",6,0.6263226703125,0.455457990625,0.60252771875,0.462378546875
00079_jpg.rf.9e3e65d91ae9c9d081f3e5427e192293.jpg,0,0.959349,"[0.431534, 0.0760296, 0.146085]",2,0.75234375,0.415625,0.05234375,0.078125
00079_jpg.rf.9e3e65d91ae9c9d081f3e5427e192293.jpg,0,0.959349,"[0.431534, 0.0760296, 0.146085]",2,0.6296875,0.4546875,0.02265625,0.0578125
00079_jpg.rf.9e3e65d91ae9c9d081f3e5427e192293.jpg,0,0.959349,"[0.431534, 0.0760296, 0.146085]",2,0.2984375,0.58046875,0.0171875,0.053125
00079_jpg.rf.9e3e65d91ae9c9d081f3e5427e192293.jpg,0,0.959349,"[0.431534, 0.0760296, 0.146085]",2,0.41328125,0.56328125,0.01484375,0.04375
00079_jpg.rf.9e3e65d91ae9c9d081f3e5427e192293.jpg,0,0.959349,"[0.431534, 0.0760296, 0.146085]",3,0.29609375,0.65234375,0.03828125,0.109375
00079_jpg.rf.9e3e65d91ae9c9d081f3e5427e192293.jpg,0,0.959349,"[0.431534, 0.0760296, 0.146085]",0,0.99623005625,0.3592522812499999,0.92383935625,0.3886348921874999
00079_jpg.rf.9e3e65d91ae9c9d081f3e5427e192293.jpg,0,0.959349,"[0.431534, 0.0760296, 0.146085]",0,0.46875,0.49921875,0.0125,0.03828125
00079_jpg.rf.9e3e65d91ae9c9d081f3e5427e192293.jpg,3,0.713552,"[0.299213, 0.572896, 0.591647]",0,0.35625,0.48046875,0.046875,0.07890625
00079_jpg.rf.9e3e65d91ae9c9d081f3e5427e192293.jpg,3,0.713552,"[0.299213, 0.572896, 0.591647]",0,0.20234375,0.46953125,0.0234375,0.053125
00079_jpg.rf.9e3e65d91ae9c9d081f3e5427e192293.jpg,3,0.713552,"[0.299213, 0.572896, 0.591647]",0,0.7028170578124999,0.3755326515625,0.6429111484375001,0.4079487078125
00079_jpg.rf.9e3e65d91ae9c9d081f3e5427e192293.jpg,3,0.713552,"[0.299213, 0.572896, 0.591647]",5,0.187379209375,0.7194678421875,0.2583496828125,0.7663681171875
00079_jpg.rf.9e3e65d91ae9c9d081f3e5427e192293.jpg,3,0.713552,"[0.299213, 0.572896, 0.591647]",1,0.482086965625,0.80540613125,0.5145649859375,0.6935669437499999
00079_jpg.rf.9e3e65d91ae9c9d081f3e5427e192293.jpg,3,0.713552,"[0.299213, 0.572896, 0.591647]",6,0.6263226703125,0.455457990625,0.60252771875,0.462378546875
00079_jpg.rf.9e3e65d91ae9c9d081f3e5427e192293.jpg,3,0.713552,"[0.299213, 0.572896, 0.591647]",2,0.75234375,0.415625,0.05234375,0.078125
00079_jpg.rf.9e3e65d91ae9c9d081f3e5427e192293.jpg,3,0.713552,"[0.299213, 0.572896, 0.591647]",2,0.6296875,0.4546875,0.02265625,0.0578125
00079_jpg.rf.9e3e65d91ae9c9d081f3e5427e192293.jpg,3,0.713552,"[0.299213, 0.572896, 0.591647]",2,0.2984375,0.58046875,0.0171875,0.053125
00079_jpg.rf.9e3e65d91ae9c9d081f3e5427e192293.jpg,3,0.713552,"[0.299213, 0.572896, 0.591647]",2,0.41328125,0.56328125,0.01484375,0.04375
00079_jpg.rf.9e3e65d91ae9c9d081f3e5427e192293.jpg,3,0.713552,"[0.299213, 0.572896, 0.591647]",3,0.29609375,0.65234375,0.03828125,0.109375
00079_jpg.rf.9e3e65d91ae9c9d081f3e5427e192293.jpg,3,0.713552,"[0.299213, 0.572896, 0.591647]",0,0.99623005625,0.3592522812499999,0.92383935625,0.3886348921874999
00079_jpg.rf.9e3e65d91ae9c9d081f3e5427e192293.jpg,3,0.713552,"[0.299213, 0.572896, 0.591647]",0,0.46875,0.49921875,0.0125,0.03828125
00079_jpg.rf.9e3e65d91ae9c9d081f3e5427e192293.jpg,0,0.580288,"[0.24202, 0.759981, 0.450215]",0,0.35625,0.48046875,0.046875,0.07890625
00079_jpg.rf.9e3e65d91ae9c9d081f3e5427e192293.jpg,0,0.580288,"[0.24202, 0.759981, 0.450215]",0,0.20234375,0.46953125,0.0234375,0.053125
00079_jpg.rf.9e3e65d91ae9c9d081f3e5427e192293.jpg,0,0.580288,"[0.24202, 0.759981, 0.450215]",0,0.7028170578124999,0.3755326515625,0.6429111484375001,0.4079487078125
00079_jpg.rf.9e3e65d91ae9c9d081f3e5427e192293.jpg,0,0.580288,"[0.24202, 0.759981, 0.450215]",5,0.187379209375,0.7194678421875,0.2583496828125,0.7663681171875
00079_jpg.rf.9e3e65d91ae9c9d081f3e5427e192293.jpg,0,0.580288,"[0.24202, 0.759981, 0.450215]",1,0.482086965625,0.80540613125,0.5145649859375,0.6935669437499999
00079_jpg.rf.9e3e65d91ae9c9d081f3e5427e192293.jpg,0,0.580288,"[0.24202, 0.759981, 0.450215]",6,0.6263226703125,0.455457990625,0.60252771875,0.462378546875
00079_jpg.rf.9e3e65d91ae9c9d081f3e5427e192293.jpg,0,0.580288,"[0.24202, 0.759981, 0.450215]",2,0.75234375,0.415625,0.05234375,0.078125
00079_jpg.rf.9e3e65d91ae9c9d081f3e5427e192293.jpg,0,0.580288,"[0.24202, 0.759981, 0.450215]",2,0.6296875,0.4546875,0.02265625,0.0578125
00079_jpg.rf.9e3e65d91ae9c9d081f3e5427e192293.jpg,0,0.580288,"[0.24202, 0.759981, 0.450215]",2,0.2984375,0.58046875,0.0171875,0.053125
00079_jpg.rf.9e3e65d91ae9c9d081f3e5427e192293.jpg,0,0.580288,"[0.24202, 0.759981, 0.450215]",2,0.41328125,0.56328125,0.01484375,0.04375
00079_jpg.rf.9e3e65d91ae9c9d081f3e5427e192293.jpg,0,0.580288,"[0.24202, 0.759981, 0.450215]",3,0.29609375,0.65234375,0.03828125,0.109375
00079_jpg.rf.9e3e65d91ae9c9d081f3e5427e192293.jpg,0,0.580288,"[0.24202, 0.759981, 0.450215]",0,0.99623005625,0.3592522812499999,0.92383935625,0.3886348921874999
00079_jpg.rf.9e3e65d91ae9c9d081f3e5427e192293.jpg,0,0.580288,"[0.24202, 0.759981, 0.450215]",0,0.46875,0.49921875,0.0125,0.03828125
00079_jpg.rf.9e3e65d91ae9c9d081f3e5427e192293.jpg,0,0.434567,"[0.239057, 0.515071, 0.433663]",0,0.35625,0.48046875,0.046875,0.07890625
00079_jpg.rf.9e3e65d91ae9c9d081f3e5427e192293.jpg,0,0.434567,"[0.239057, 0.515071, 0.433663]",0,0.20234375,0.46953125,0.0234375,0.053125
00079_jpg.rf.9e3e65d91ae9c9d081f3e5427e192293.jpg,0,0.434567,"[0.239057, 0.515071, 0.433663]",0,0.7028170578124999,0.3755326515625,0.6429111484375001,0.4079487078125
00079_jpg.rf.9e3e65d91ae9c9d081f3e5427e192293.jpg,0,0.434567,"[0.239057, 0.515071, 0.433663]",5,0.187379209375,0.7194678421875,0.2583496828125,0.7663681171875
00079_jpg.rf.9e3e65d91ae9c9d081f3e5427e192293.jpg,0,0.434567,"[0.239057, 0.515071, 0.433663]",1,0.482086965625,0.80540613125,0.5145649859375,0.6935669437499999
00079_jpg.rf.9e3e65d91ae9c9d081f3e5427e192293.jpg,0,0.434567,"[0.239057, 0.515071, 0.433663]",6,0.6263226703125,0.455457990625,0.60252771875,0.462378546875
00079_jpg.rf.9e3e65d91ae9c9d081f3e5427e192293.jpg,0,0.434567,"[0.239057, 0.515071, 0.433663]",2,0.75234375,0.415625,0.05234375,0.078125
00079_jpg.rf.9e3e65d91ae9c9d081f3e5427e192293.jpg,0,0.434567,"[0.239057, 0.515071, 0.433663]",2,0.6296875,0.4546875,0.02265625,0.0578125
00079_jpg.rf.9e3e65d91ae9c9d081f3e5427e192293.jpg,0,0.434567,"[0.239057, 0.515071, 0.433663]",2,0.2984375,0.58046875,0.0171875,0.053125
00079_jpg.rf.9e3e65d91ae9c9d081f3e5427e192293.jpg,0,0.434567,"[0.239057, 0.515071, 0.433663]",2,0.41328125,0.56328125,0.01484375,0.04375
00079_jpg.rf.9e3e65d91ae9c9d081f3e5427e192293.jpg,0,0.434567,"[0.239057, 0.515071, 0.433663]",3,0.29609375,0.65234375,0.03828125,0.109375
00079_jpg.rf.9e3e65d91ae9c9d081f3e5427e192293.jpg,0,0.434567,"[0.239057, 0.515071, 0.433663]",0,0.99623005625,0.3592522812499999,0.92383935625,0.3886348921874999
00079_jpg.rf.9e3e65d91ae9c9d081f3e5427e192293.jpg,0,0.434567,"[0.239057, 0.515071, 0.433663]",0,0.46875,0.49921875,0.0125,0.03828125
00079_jpg.rf.9e3e65d91ae9c9d081f3e5427e192293.jpg,0,0.732479,"[0.260174, 0.535043, 0.47786]",0,0.35625,0.48046875,0.046875,0.07890625
00079_jpg.rf.9e3e65d91ae9c9d081f3e5427e192293.jpg,0,0.732479,"[0.260174, 0.535043, 0.47786]",0,0.20234375,0.46953125,0.0234375,0.053125
00079_jpg.rf.9e3e65d91ae9c9d081f3e5427e192293.jpg,0,0.732479,"[0.260174, 0.535043, 0.47786]",0,0.7028170578124999,0.3755326515625,0.6429111484375001,0.4079487078125
00079_jpg.rf.9e3e65d91ae9c9d081f3e5427e192293.jpg,0,0.732479,"[0.260174, 0.535043, 0.47786]",5,0.187379209375,0.7194678421875,0.2583496828125,0.7663681171875
00079_jpg.rf.9e3e65d91ae9c9d081f3e5427e192293.jpg,0,0.732479,"[0.260174, 0.535043, 0.47786]",1,0.482086965625,0.80540613125,0.5145649859375,0.6935669437499999
00079_jpg.rf.9e3e65d91ae9c9d081f3e5427e192293.jpg,0,0.732479,"[0.260174, 0.535043, 0.47786]",6,0.6263226703125,0.455457990625,0.60252771875,0.462378546875
00079_jpg.rf.9e3e65d91ae9c9d081f3e5427e192293.jpg,0,0.732479,"[0.260174, 0.535043, 0.47786]",2,0.75234375,0.415625,0.05234375,0.078125
00079_jpg.rf.9e3e65d91ae9c9d081f3e5427e192293.jpg,0,0.732479,"[0.260174, 0.535043, 0.47786]",2,0.6296875,0.4546875,0.02265625,0.0578125
00079_jpg.rf.9e3e65d91ae9c9d081f3e5427e192293.jpg,0,0.732479,"[0.260174, 0.535043, 0.47786]",2,0.2984375,0.58046875,0.0171875,0.053125
00079_jpg.rf.9e3e65d91ae9c9d081f3e5427e192293.jpg,0,0.732479,"[0.260174, 0.535043, 0.47786]",2,0.41328125,0.56328125,0.01484375,0.04375
00079_jpg.rf.9e3e65d91ae9c9d081f3e5427e192293.jpg,0,0.732479,"[0.260174, 0.535043, 0.47786]",3,0.29609375,0.65234375,0.03828125,0.109375
00079_jpg.rf.9e3e65d91ae9c9d081f3e5427e192293.jpg,0,0.732479,"[0.260174, 0.535043, 0.47786]",0,0.99623005625,0.3592522812499999,0.92383935625,0.3886348921874999
00079_jpg.rf.9e3e65d91ae9c9d081f3e5427e192293.jpg,0,0.732479,"[0.260174, 0.535043, 0.47786]",0,0.46875,0.49921875,0.0125,0.03828125
00079_jpg.rf.9e3e65d91ae9c9d081f3e5427e192293.jpg,0,0.529749,"[0.240211, 0.41899, 0.417468]",0,0.35625,0.48046875,0.046875,0.07890625
00079_jpg.rf.9e3e65d91ae9c9d081f3e5427e192293.jpg,0,0.529749,"[0.240211, 0.41899, 0.417468]",0,0.20234375,0.46953125,0.0234375,0.053125
00079_jpg.rf.9e3e65d91ae9c9d081f3e5427e192293.jpg,0,0.529749,"[0.240211, 0.41899, 0.417468]",0,0.7028170578124999,0.3755326515625,0.6429111484375001,0.4079487078125
00079_jpg.rf.9e3e65d91ae9c9d081f3e5427e192293.jpg,0,0.529749,"[0.240211, 0.41899, 0.417468]",5,0.187379209375,0.7194678421875,0.2583496828125,0.7663681171875
00079_jpg.rf.9e3e65d91ae9c9d081f3e5427e192293.jpg,0,0.529749,"[0.240211, 0.41899, 0.417468]",1,0.482086965625,0.80540613125,0.5145649859375,0.6935669437499999
00079_jpg.rf.9e3e65d91ae9c9d081f3e5427e192293.jpg,0,0.529749,"[0.240211, 0.41899, 0.417468]",6,0.6263226703125,0.455457990625,0.60252771875,0.462378546875
00079_jpg.rf.9e3e65d91ae9c9d081f3e5427e192293.jpg,0,0.529749,"[0.240211, 0.41899, 0.417468]",2,0.75234375,0.415625,0.05234375,0.078125
00079_jpg.rf.9e3e65d91ae9c9d081f3e5427e192293.jpg,0,0.529749,"[0.240211, 0.41899, 0.417468]",2,0.6296875,0.4546875,0.02265625,0.0578125
00079_jpg.rf.9e3e65d91ae9c9d081f3e5427e192293.jpg,0,0.529749,"[0.240211, 0.41899, 0.417468]",2,0.2984375,0.58046875,0.0171875,0.053125
00079_jpg.rf.9e3e65d91ae9c9d081f3e5427e192293.jpg,0,0.529749,"[0.240211, 0.41899, 0.417468]",2,0.41328125,0.56328125,0.01484375,0.04375
00079_jpg.rf.9e3e65d91ae9c9d081f3e5427e192293.jpg,0,0.529749,"[0.240211, 0.41899, 0.417468]",3,0.29609375,0.65234375,0.03828125,0.109375
00079_jpg.rf.9e3e65d91ae9c9d081f3e5427e192293.jpg,0,0.529749,"[0.240211, 0.41899, 0.417468]",0,0.99623005625,0.3592522812499999,0.92383935625,0.3886348921874999
00079_jpg.rf.9e3e65d91ae9c9d081f3e5427e192293.jpg,0,0.529749,"[0.240211, 0.41899, 0.417468]",0,0.46875,0.49921875,0.0125,0.03828125
00079_jpg.rf.9e3e65d91ae9c9d081f3e5427e192293.jpg,6,0.614883,"[0.52658, 0.0241658, 0.140219]",0,0.35625,0.48046875,0.046875,0.07890625
00079_jpg.rf.9e3e65d91ae9c9d081f3e5427e192293.jpg,6,0.614883,"[0.52658, 0.0241658, 0.140219]",0,0.20234375,0.46953125,0.0234375,0.053125
00079_jpg.rf.9e3e65d91ae9c9d081f3e5427e192293.jpg,6,0.614883,"[0.52658, 0.0241658, 0.140219]",0,0.7028170578124999,0.3755326515625,0.6429111484375001,0.4079487078125
00079_jpg.rf.9e3e65d91ae9c9d081f3e5427e192293.jpg,6,0.614883,"[0.52658, 0.0241658, 0.140219]",5,0.187379209375,0.7194678421875,0.2583496828125,0.7663681171875
00079_jpg.rf.9e3e65d91ae9c9d081f3e5427e192293.jpg,6,0.614883,"[0.52658, 0.0241658, 0.140219]",1,0.482086965625,0.80540613125,0.5145649859375,0.6935669437499999
00079_jpg.rf.9e3e65d91ae9c9d081f3e5427e192293.jpg,6,0.614883,"[0.52658, 0.0241658, 0.140219]",6,0.6263226703125,0.455457990625,0.60252771875,0.462378546875
00079_jpg.rf.9e3e65d91ae9c9d081f3e5427e192293.jpg,6,0.614883,"[0.52658, 0.0241658, 0.140219]",2,0.75234375,0.415625,0.05234375,0.078125
00079_jpg.rf.9e3e65d91ae9c9d081f3e5427e192293.jpg,6,0.614883,"[0.52658, 0.0241658, 0.140219]",2,0.6296875,0.4546875,0.02265625,0.0578125
00079_jpg.rf.9e3e65d91ae9c9d081f3e5427e192293.jpg,6,0.614883,"[0.52658, 0.0241658, 0.140219]",2,0.2984375,0.58046875,0.0171875,0.053125
00079_jpg.rf.9e3e65d91ae9c9d081f3e5427e192293.jpg,6,0.614883,"[0.52658, 0.0241658, 0.140219]",2,0.41328125,0.56328125,0.01484375,0.04375
00079_jpg.rf.9e3e65d91ae9c9d081f3e5427e192293.jpg,6,0.614883,"[0.52658, 0.0241658, 0.140219]",3,0.29609375,0.65234375,0.03828125,0.109375
00079_jpg.rf.9e3e65d91ae9c9d081f3e5427e192293.jpg,6,0.614883,"[0.52658, 0.0241658, 0.140219]",0,0.99623005625,0.3592522812499999,0.92383935625,0.3886348921874999
00079_jpg.rf.9e3e65d91ae9c9d081f3e5427e192293.jpg,6,0.614883,"[0.52658, 0.0241658, 0.140219]",0,0.46875,0.49921875,0.0125,0.03828125
00079_jpg.rf.9e3e65d91ae9c9d081f3e5427e192293.jpg,0,0.674974,"[0.439257, 0.0611799, 0.130569]",0,0.35625,0.48046875,0.046875,0.07890625
00079_jpg.rf.9e3e65d91ae9c9d081f3e5427e192293.jpg,0,0.674974,"[0.439257, 0.0611799, 0.130569]",0,0.20234375,0.46953125,0.0234375,0.053125
00079_jpg.rf.9e3e65d91ae9c9d081f3e5427e192293.jpg,0,0.674974,"[0.439257, 0.0611799, 0.130569]",0,0.7028170578124999,0.3755326515625,0.6429111484375001,0.4079487078125
00079_jpg.rf.9e3e65d91ae9c9d081f3e5427e192293.jpg,0,0.674974,"[0.439257, 0.0611799, 0.130569]",5,0.187379209375,0.7194678421875,0.2583496828125,0.7663681171875
00079_jpg.rf.9e3e65d91ae9c9d081f3e5427e192293.jpg,0,0.674974,"[0.439257, 0.0611799, 0.130569]",1,0.482086965625,0.80540613125,0.5145649859375,0.6935669437499999
00079_jpg.rf.9e3e65d91ae9c9d081f3e5427e192293.jpg,0,0.674974,"[0.439257, 0.0611799, 0.130569]",6,0.6263226703125,0.455457990625,0.60252771875,0.462378546875
00079_jpg.rf.9e3e65d91ae9c9d081f3e5427e192293.jpg,0,0.674974,"[0.439257, 0.0611799, 0.130569]",2,0.75234375,0.415625,0.05234375,0.078125
00079_jpg.rf.9e3e65d91ae9c9d081f3e5427e192293.jpg,0,0.674974,"[0.439257, 0.0611799, 0.130569]",2,0.6296875,0.4546875,0.02265625,0.0578125
00079_jpg.rf.9e3e65d91ae9c9d081f3e5427e192293.jpg,0,0.674974,"[0.439257, 0.0611799, 0.130569]",2,0.2984375,0.58046875,0.0171875,0.053125
00079_jpg.rf.9e3e65d91ae9c9d081f3e5427e192293.jpg,0,0.674974,"[0.439257, 0.0611799, 0.130569]",2,0.41328125,0.56328125,0.01484375,0.04375
00079_jpg.rf.9e3e65d91ae9c9d081f3e5427e192293.jpg,0,0.674974,"[0.439257, 0.0611799, 0.130569]",3,0.29609375,0.65234375,0.03828125,0.109375
00079_jpg.rf.9e3e65d91ae9c9d081f3e5427e192293.jpg,0,0.674974,"[0.439257, 0.0611799, 0.130569]",0,0.99623005625,0.3592522812499999,0.92383935625,0.3886348921874999
00079_jpg.rf.9e3e65d91ae9c9d081f3e5427e192293.jpg,0,0.674974,"[0.439257, 0.0611799, 0.130569]",0,0.46875,0.49921875,0.0125,0.03828125
00082_jpg.rf.24f1c0abd9bfcda7b3ca8a553e7811e8.jpg,1,0.217407,"[0.639423, 0.284618, 0.237345]",1,0.2525900078124999,0.75417735,0.3613005625,0.7219311312500001
00082_jpg.rf.24f1c0abd9bfcda7b3ca8a553e7811e8.jpg,1,0.217407,"[0.639423, 0.284618, 0.237345]",1,0.775415678125,0.776869215625,0.9289245484375,0.7111824078125
00082_jpg.rf.24f1c0abd9bfcda7b3ca8a553e7811e8.jpg,1,0.217407,"[0.639423, 0.284618, 0.237345]",2,0.82734375,0.49609375,0.028125,0.0640625
00082_jpg.rf.24f1c0abd9bfcda7b3ca8a553e7811e8.jpg,1,0.217407,"[0.639423, 0.284618, 0.237345]",3,0.90234375,0.6796875,0.0484375,0.09609375
00082_jpg.rf.24f1c0abd9bfcda7b3ca8a553e7811e8.jpg,1,0.217407,"[0.639423, 0.284618, 0.237345]",3,0.10234375,0.65625,0.0484375,0.0984375
00082_jpg.rf.24f1c0abd9bfcda7b3ca8a553e7811e8.jpg,1,0.217407,"[0.639423, 0.284618, 0.237345]",2,0.1625,0.48203125,0.02265625,0.05859375
00082_jpg.rf.24f1c0abd9bfcda7b3ca8a553e7811e8.jpg,1,0.768855,"[0.668264, 0.293398, 0.222748]",1,0.2525900078124999,0.75417735,0.3613005625,0.7219311312500001
00082_jpg.rf.24f1c0abd9bfcda7b3ca8a553e7811e8.jpg,1,0.768855,"[0.668264, 0.293398, 0.222748]",1,0.775415678125,0.776869215625,0.9289245484375,0.7111824078125
00082_jpg.rf.24f1c0abd9bfcda7b3ca8a553e7811e8.jpg,1,0.768855,"[0.668264, 0.293398, 0.222748]",2,0.82734375,0.49609375,0.028125,0.0640625
00082_jpg.rf.24f1c0abd9bfcda7b3ca8a553e7811e8.jpg,1,0.768855,"[0.668264, 0.293398, 0.222748]",3,0.90234375,0.6796875,0.0484375,0.09609375
00082_jpg.rf.24f1c0abd9bfcda7b3ca8a553e7811e8.jpg,1,0.768855,"[0.668264, 0.293398, 0.222748]",3,0.10234375,0.65625,0.0484375,0.0984375
00082_jpg.rf.24f1c0abd9bfcda7b3ca8a553e7811e8.jpg,1,0.768855,"[0.668264, 0.293398, 0.222748]",2,0.1625,0.48203125,0.02265625,0.05859375
00082_jpg.rf.24f1c0abd9bfcda7b3ca8a553e7811e8.jpg,0,0.950092,"[0.836499, 0.0358406, 0.0575205]",1,0.2525900078124999,0.75417735,0.3613005625,0.7219311312500001
00082_jpg.rf.24f1c0abd9bfcda7b3ca8a553e7811e8.jpg,0,0.950092,"[0.836499, 0.0358406, 0.0575205]",1,0.775415678125,0.776869215625,0.9289245484375,0.7111824078125
00082_jpg.rf.24f1c0abd9bfcda7b3ca8a553e7811e8.jpg,0,0.950092,"[0.836499, 0.0358406, 0.0575205]",2,0.82734375,0.49609375,0.028125,0.0640625
00082_jpg.rf.24f1c0abd9bfcda7b3ca8a553e7811e8.jpg,0,0.950092,"[0.836499, 0.0358406, 0.0575205]",3,0.90234375,0.6796875,0.0484375,0.09609375
00082_jpg.rf.24f1c0abd9bfcda7b3ca8a553e7811e8.jpg,0,0.950092,"[0.836499, 0.0358406, 0.0575205]",3,0.10234375,0.65625,0.0484375,0.0984375
00082_jpg.rf.24f1c0abd9bfcda7b3ca8a553e7811e8.jpg,0,0.950092,"[0.836499, 0.0358406, 0.0575205]",2,0.1625,0.48203125,0.02265625,0.05859375
00082_jpg.rf.24f1c0abd9bfcda7b3ca8a553e7811e8.jpg,0,0.679561,"[0.839778, 0.0163687, 0.0410656]",1,0.2525900078124999,0.75417735,0.3613005625,0.7219311312500001
00082_jpg.rf.24f1c0abd9bfcda7b3ca8a553e7811e8.jpg,0,0.679561,"[0.839778, 0.0163687, 0.0410656]",1,0.775415678125,0.776869215625,0.9289245484375,0.7111824078125
00082_jpg.rf.24f1c0abd9bfcda7b3ca8a553e7811e8.jpg,0,0.679561,"[0.839778, 0.0163687, 0.0410656]",2,0.82734375,0.49609375,0.028125,0.0640625
00082_jpg.rf.24f1c0abd9bfcda7b3ca8a553e7811e8.jpg,0,0.679561,"[0.839778, 0.0163687, 0.0410656]",3,0.90234375,0.6796875,0.0484375,0.09609375
00082_jpg.rf.24f1c0abd9bfcda7b3ca8a553e7811e8.jpg,0,0.679561,"[0.839778, 0.0163687, 0.0410656]",3,0.10234375,0.65625,0.0484375,0.0984375
00082_jpg.rf.24f1c0abd9bfcda7b3ca8a553e7811e8.jpg,0,0.679561,"[0.839778, 0.0163687, 0.0410656]",2,0.1625,0.48203125,0.02265625,0.05859375
00082_jpg.rf.24f1c0abd9bfcda7b3ca8a553e7811e8.jpg,0,0.765433,"[0.841498, 0.02984, 0.0384083]",1,0.2525900078124999,0.75417735,0.3613005625,0.7219311312500001
00082_jpg.rf.24f1c0abd9bfcda7b3ca8a553e7811e8.jpg,0,0.765433,"[0.841498, 0.02984, 0.0384083]",1,0.775415678125,0.776869215625,0.9289245484375,0.7111824078125
00082_jpg.rf.24f1c0abd9bfcda7b3ca8a553e7811e8.jpg,0,0.765433,"[0.841498, 0.02984, 0.0384083]",2,0.82734375,0.49609375,0.028125,0.0640625
00082_jpg.rf.24f1c0abd9bfcda7b3ca8a553e7811e8.jpg,0,0.765433,"[0.841498, 0.02984, 0.0384083]",3,0.90234375,0.6796875,0.0484375,0.09609375
00082_jpg.rf.24f1c0abd9bfcda7b3ca8a553e7811e8.jpg,0,0.765433,"[0.841498, 0.02984, 0.0384083]",3,0.10234375,0.65625,0.0484375,0.0984375
00082_jpg.rf.24f1c0abd9bfcda7b3ca8a553e7811e8.jpg,0,0.765433,"[0.841498, 0.02984, 0.0384083]",2,0.1625,0.48203125,0.02265625,0.05859375
00082_jpg.rf.24f1c0abd9bfcda7b3ca8a553e7811e8.jpg,0,0.705747,"[0.83904, 0.0211393, 0.0401077]",1,0.2525900078124999,0.75417735,0.3613005625,0.7219311312500001
00082_jpg.rf.24f1c0abd9bfcda7b3ca8a553e7811e8.jpg,0,0.705747,"[0.83904, 0.0211393, 0.0401077]",1,0.775415678125,0.776869215625,0.9289245484375,0.7111824078125
00082_jpg.rf.24f1c0abd9bfcda7b3ca8a553e7811e8.jpg,0,0.705747,"[0.83904, 0.0211393, 0.0401077]",2,0.82734375,0.49609375,0.028125,0.0640625
00082_jpg.rf.24f1c0abd9bfcda7b3ca8a553e7811e8.jpg,0,0.705747,"[0.83904, 0.0211393, 0.0401077]",3,0.90234375,0.6796875,0.0484375,0.09609375
00082_jpg.rf.24f1c0abd9bfcda7b3ca8a553e7811e8.jpg,0,0.705747,"[0.83904, 0.0211393, 0.0401077]",3,0.10234375,0.65625,0.0484375,0.0984375
00082_jpg.rf.24f1c0abd9bfcda7b3ca8a553e7811e8.jpg,0,0.705747,"[0.83904, 0.0211393, 0.0401077]",2,0.1625,0.48203125,0.02265625,0.05859375
00082_jpg.rf.24f1c0abd9bfcda7b3ca8a553e7811e8.jpg,0,0.785874,"[0.839941, 0.0219082, 0.0404407]",1,0.2525900078124999,0.75417735,0.3613005625,0.7219311312500001
00082_jpg.rf.24f1c0abd9bfcda7b3ca8a553e7811e8.jpg,0,0.785874,"[0.839941, 0.0219082, 0.0404407]",1,0.775415678125,0.776869215625,0.9289245484375,0.7111824078125
00082_jpg.rf.24f1c0abd9bfcda7b3ca8a553e7811e8.jpg,0,0.785874,"[0.839941, 0.0219082, 0.0404407]",2,0.82734375,0.49609375,0.028125,0.0640625
00082_jpg.rf.24f1c0abd9bfcda7b3ca8a553e7811e8.jpg,0,0.785874,"[0.839941, 0.0219082, 0.0404407]",3,0.90234375,0.6796875,0.0484375,0.09609375
00082_jpg.rf.24f1c0abd9bfcda7b3ca8a553e7811e8.jpg,0,0.785874,"[0.839941, 0.0219082, 0.0404407]",3,0.10234375,0.65625,0.0484375,0.0984375
00082_jpg.rf.24f1c0abd9bfcda7b3ca8a553e7811e8.jpg,0,0.785874,"[0.839941, 0.0219082, 0.0404407]",2,0.1625,0.48203125,0.02265625,0.05859375
00082_jpg.rf.24f1c0abd9bfcda7b3ca8a553e7811e8.jpg,0,0.776646,"[0.841002, 0.0306023, 0.0404366]",1,0.2525900078124999,0.75417735,0.3613005625,0.7219311312500001
00082_jpg.rf.24f1c0abd9bfcda7b3ca8a553e7811e8.jpg,0,0.776646,"[0.841002, 0.0306023, 0.0404366]",1,0.775415678125,0.776869215625,0.9289245484375,0.7111824078125
00082_jpg.rf.24f1c0abd9bfcda7b3ca8a553e7811e8.jpg,0,0.776646,"[0.841002, 0.0306023, 0.0404366]",2,0.82734375,0.49609375,0.028125,0.0640625
00082_jpg.rf.24f1c0abd9bfcda7b3ca8a553e7811e8.jpg,0,0.776646,"[0.841002, 0.0306023, 0.0404366]",3,0.90234375,0.6796875,0.0484375,0.09609375
00082_jpg.rf.24f1c0abd9bfcda7b3ca8a553e7811e8.jpg,0,0.776646,"[0.841002, 0.0306023, 0.0404366]",3,0.10234375,0.65625,0.0484375,0.0984375
00082_jpg.rf.24f1c0abd9bfcda7b3ca8a553e7811e8.jpg,0,0.776646,"[0.841002, 0.0306023, 0.0404366]",2,0.1625,0.48203125,0.02265625,0.05859375
00082_jpg.rf.24f1c0abd9bfcda7b3ca8a553e7811e8.jpg,5,0.557278,"[0.328967, 0.766033, 0.546112]",1,0.2525900078124999,0.75417735,0.3613005625,0.7219311312500001
00082_jpg.rf.24f1c0abd9bfcda7b3ca8a553e7811e8.jpg,5,0.557278,"[0.328967, 0.766033, 0.546112]",1,0.775415678125,0.776869215625,0.9289245484375,0.7111824078125
00082_jpg.rf.24f1c0abd9bfcda7b3ca8a553e7811e8.jpg,5,0.557278,"[0.328967, 0.766033, 0.546112]",2,0.82734375,0.49609375,0.028125,0.0640625
00082_jpg.rf.24f1c0abd9bfcda7b3ca8a553e7811e8.jpg,5,0.557278,"[0.328967, 0.766033, 0.546112]",3,0.90234375,0.6796875,0.0484375,0.09609375
00082_jpg.rf.24f1c0abd9bfcda7b3ca8a553e7811e8.jpg,5,0.557278,"[0.328967, 0.766033, 0.546112]",3,0.10234375,0.65625,0.0484375,0.0984375
00082_jpg.rf.24f1c0abd9bfcda7b3ca8a553e7811e8.jpg,5,0.557278,"[0.328967, 0.766033, 0.546112]",2,0.1625,0.48203125,0.02265625,0.05859375
00082_jpg.rf.24f1c0abd9bfcda7b3ca8a553e7811e8.jpg,0,0.888061,"[0.834234, 0.0235249, 0.0370735]",1,0.2525900078124999,0.75417735,0.3613005625,0.7219311312500001
00082_jpg.rf.24f1c0abd9bfcda7b3ca8a553e7811e8.jpg,0,0.888061,"[0.834234, 0.0235249, 0.0370735]",1,0.775415678125,0.776869215625,0.9289245484375,0.7111824078125
00082_jpg.rf.24f1c0abd9bfcda7b3ca8a553e7811e8.jpg,0,0.888061,"[0.834234, 0.0235249, 0.0370735]",2,0.82734375,0.49609375,0.028125,0.0640625
00082_jpg.rf.24f1c0abd9bfcda7b3ca8a553e7811e8.jpg,0,0.888061,"[0.834234, 0.0235249, 0.0370735]",3,0.90234375,0.6796875,0.0484375,0.09609375
00082_jpg.rf.24f1c0abd9bfcda7b3ca8a553e7811e8.jpg,0,0.888061,"[0.834234, 0.0235249, 0.0370735]",3,0.10234375,0.65625,0.0484375,0.0984375
00082_jpg.rf.24f1c0abd9bfcda7b3ca8a553e7811e8.jpg,0,0.888061,"[0.834234, 0.0235249, 0.0370735]",2,0.1625,0.48203125,0.02265625,0.05859375
00089_jpg.rf.b1311dce5df9ea314cd9616a13f443e1.jpg,1,0.633316,"[0.712469, 0.191151, 0.303192]",1,0.7320378171875,0.7184517265625,0.722572384375,0.6501085234375
00089_jpg.rf.b1311dce5df9ea314cd9616a13f443e1.jpg,1,0.633316,"[0.712469, 0.191151, 0.303192]",1,0.5017105374999999,0.94661291875,0.532210184375,0.9077098515625
00089_jpg.rf.b1311dce5df9ea314cd9616a13f443e1.jpg,1,0.633316,"[0.712469, 0.191151, 0.303192]",6,0.11953125,0.59140625,0.0703125,0.2859375
00089_jpg.rf.b1311dce5df9ea314cd9616a13f443e1.jpg,1,0.403916,"[0.766698, 0.25352, 0.380537]",1,0.7320378171875,0.7184517265625,0.722572384375,0.6501085234375
00089_jpg.rf.b1311dce5df9ea314cd9616a13f443e1.jpg,1,0.403916,"[0.766698, 0.25352, 0.380537]",1,0.5017105374999999,0.94661291875,0.532210184375,0.9077098515625
00089_jpg.rf.b1311dce5df9ea314cd9616a13f443e1.jpg,1,0.403916,"[0.766698, 0.25352, 0.380537]",6,0.11953125,0.59140625,0.0703125,0.2859375
00089_jpg.rf.b1311dce5df9ea314cd9616a13f443e1.jpg,0,0.0387217,"[0.493812, 0.0171085, 0.0450157]",1,0.7320378171875,0.7184517265625,0.722572384375,0.6501085234375
00089_jpg.rf.b1311dce5df9ea314cd9616a13f443e1.jpg,0,0.0387217,"[0.493812, 0.0171085, 0.0450157]",1,0.5017105374999999,0.94661291875,0.532210184375,0.9077098515625
00089_jpg.rf.b1311dce5df9ea314cd9616a13f443e1.jpg,0,0.0387217,"[0.493812, 0.0171085, 0.0450157]",6,0.11953125,0.59140625,0.0703125,0.2859375
00090_jpg.rf.e5d7b29a1c062a1d5a383a5064924300.jpg,0,0.779916,"[0.48467, 0.115909, 0.205772]",4,0.59375,0.40546875,0.06171875,0.109375
00090_jpg.rf.e5d7b29a1c062a1d5a383a5064924300.jpg,0,0.779916,"[0.48467, 0.115909, 0.205772]",0,0.7796875,0.48671875,0.1140625,0.20859375
00090_jpg.rf.e5d7b29a1c062a1d5a383a5064924300.jpg,0,0.779916,"[0.48467, 0.115909, 0.205772]",2,0.97890625,0.53984375,0.0296875,0.13046875
00090_jpg.rf.e5d7b29a1c062a1d5a383a5064924300.jpg,0,0.779916,"[0.48467, 0.115909, 0.205772]",6,0.271875,0.52109375,0.0703125,0.10546875
00090_jpg.rf.e5d7b29a1c062a1d5a383a5064924300.jpg,0,0.779916,"[0.48467, 0.115909, 0.205772]",3,0.1296875,0.63125,0.0484375,0.0734375
00090_jpg.rf.e5d7b29a1c062a1d5a383a5064924300.jpg,0,0.779916,"[0.48467, 0.115909, 0.205772]",4,0.12734375,0.5828125,0.0265625,0.04140625
00090_jpg.rf.e5d7b29a1c062a1d5a383a5064924300.jpg,0,0.779916,"[0.48467, 0.115909, 0.205772]",2,0.10625,0.5625,0.01328125,0.08203125
00090_jpg.rf.e5d7b29a1c062a1d5a383a5064924300.jpg,0,0.779916,"[0.48467, 0.115909, 0.205772]",1,0.0890625,0.68359375,0.1765625,0.3015625
00090_jpg.rf.e5d7b29a1c062a1d5a383a5064924300.jpg,1,0.086392,"[0.671863, 0.172784, 0.288367]",4,0.59375,0.40546875,0.06171875,0.109375
00090_jpg.rf.e5d7b29a1c062a1d5a383a5064924300.jpg,1,0.086392,"[0.671863, 0.172784, 0.288367]",0,0.7796875,0.48671875,0.1140625,0.20859375
00090_jpg.rf.e5d7b29a1c062a1d5a383a5064924300.jpg,1,0.086392,"[0.671863, 0.172784, 0.288367]",2,0.97890625,0.53984375,0.0296875,0.13046875
00090_jpg.rf.e5d7b29a1c062a1d5a383a5064924300.jpg,1,0.086392,"[0.671863, 0.172784, 0.288367]",6,0.271875,0.52109375,0.0703125,0.10546875
00090_jpg.rf.e5d7b29a1c062a1d5a383a5064924300.jpg,1,0.086392,"[0.671863, 0.172784, 0.288367]",3,0.1296875,0.63125,0.0484375,0.0734375
00090_jpg.rf.e5d7b29a1c062a1d5a383a5064924300.jpg,1,0.086392,"[0.671863, 0.172784, 0.288367]",4,0.12734375,0.5828125,0.0265625,0.04140625
00090_jpg.rf.e5d7b29a1c062a1d5a383a5064924300.jpg,1,0.086392,"[0.671863, 0.172784, 0.288367]",2,0.10625,0.5625,0.01328125,0.08203125
00090_jpg.rf.e5d7b29a1c062a1d5a383a5064924300.jpg,1,0.086392,"[0.671863, 0.172784, 0.288367]",1,0.0890625,0.68359375,0.1765625,0.3015625
00090_jpg.rf.e5d7b29a1c062a1d5a383a5064924300.jpg,1,0.956449,"[0.689923, 0.0867497, 0.266138]",4,0.59375,0.40546875,0.06171875,0.109375
00090_jpg.rf.e5d7b29a1c062a1d5a383a5064924300.jpg,1,0.956449,"[0.689923, 0.0867497, 0.266138]",0,0.7796875,0.48671875,0.1140625,0.20859375
00090_jpg.rf.e5d7b29a1c062a1d5a383a5064924300.jpg,1,0.956449,"[0.689923, 0.0867497, 0.266138]",2,0.97890625,0.53984375,0.0296875,0.13046875
00090_jpg.rf.e5d7b29a1c062a1d5a383a5064924300.jpg,1,0.956449,"[0.689923, 0.0867497, 0.266138]",6,0.271875,0.52109375,0.0703125,0.10546875
00090_jpg.rf.e5d7b29a1c062a1d5a383a5064924300.jpg,1,0.956449,"[0.689923, 0.0867497, 0.266138]",3,0.1296875,0.63125,0.0484375,0.0734375
00090_jpg.rf.e5d7b29a1c062a1d5a383a5064924300.jpg,1,0.956449,"[0.689923, 0.0867497, 0.266138]",4,0.12734375,0.5828125,0.0265625,0.04140625
00090_jpg.rf.e5d7b29a1c062a1d5a383a5064924300.jpg,1,0.956449,"[0.689923, 0.0867497, 0.266138]",2,0.10625,0.5625,0.01328125,0.08203125
00090_jpg.rf.e5d7b29a1c062a1d5a383a5064924300.jpg,1,0.956449,"[0.689923, 0.0867497, 0.266138]",1,0.0890625,0.68359375,0.1765625,0.3015625
00090_jpg.rf.e5d7b29a1c062a1d5a383a5064924300.jpg,6,0.272461,"[0.519956, 0.0729871, 0.115648]",4,0.59375,0.40546875,0.06171875,0.109375
00090_jpg.rf.e5d7b29a1c062a1d5a383a5064924300.jpg,6,0.272461,"[0.519956, 0.0729871, 0.115648]",0,0.7796875,0.48671875,0.1140625,0.20859375
00090_jpg.rf.e5d7b29a1c062a1d5a383a5064924300.jpg,6,0.272461,"[0.519956, 0.0729871, 0.115648]",2,0.97890625,0.53984375,0.0296875,0.13046875
00090_jpg.rf.e5d7b29a1c062a1d5a383a5064924300.jpg,6,0.272461,"[0.519956, 0.0729871, 0.115648]",6,0.271875,0.52109375,0.0703125,0.10546875
00090_jpg.rf.e5d7b29a1c062a1d5a383a5064924300.jpg,6,0.272461,"[0.519956, 0.0729871, 0.115648]",3,0.1296875,0.63125,0.0484375,0.0734375
00090_jpg.rf.e5d7b29a1c062a1d5a383a5064924300.jpg,6,0.272461,"[0.519956, 0.0729871, 0.115648]",4,0.12734375,0.5828125,0.0265625,0.04140625
00090_jpg.rf.e5d7b29a1c062a1d5a383a5064924300.jpg,6,0.272461,"[0.519956, 0.0729871, 0.115648]",2,0.10625,0.5625,0.01328125,0.08203125
00090_jpg.rf.e5d7b29a1c062a1d5a383a5064924300.jpg,6,0.272461,"[0.519956, 0.0729871, 0.115648]",1,0.0890625,0.68359375,0.1765625,0.3015625
00090_jpg.rf.e5d7b29a1c062a1d5a383a5064924300.jpg,3,0.978287,"[0.6206, 0.0413912, 0.0646359]",4,0.59375,0.40546875,0.06171875,0.109375
00090_jpg.rf.e5d7b29a1c062a1d5a383a5064924300.jpg,3,0.978287,"[0.6206, 0.0413912, 0.0646359]",0,0.7796875,0.48671875,0.1140625,0.20859375
00090_jpg.rf.e5d7b29a1c062a1d5a383a5064924300.jpg,3,0.978287,"[0.6206, 0.0413912, 0.0646359]",2,0.97890625,0.53984375,0.0296875,0.13046875
00090_jpg.rf.e5d7b29a1c062a1d5a383a5064924300.jpg,3,0.978287,"[0.6206, 0.0413912, 0.0646359]",6,0.271875,0.52109375,0.0703125,0.10546875
00090_jpg.rf.e5d7b29a1c062a1d5a383a5064924300.jpg,3,0.978287,"[0.6206, 0.0413912, 0.0646359]",3,0.1296875,0.63125,0.0484375,0.0734375
00090_jpg.rf.e5d7b29a1c062a1d5a383a5064924300.jpg,3,0.978287,"[0.6206, 0.0413912, 0.0646359]",4,0.12734375,0.5828125,0.0265625,0.04140625
00090_jpg.rf.e5d7b29a1c062a1d5a383a5064924300.jpg,3,0.978287,"[0.6206, 0.0413912, 0.0646359]",2,0.10625,0.5625,0.01328125,0.08203125
00090_jpg.rf.e5d7b29a1c062a1d5a383a5064924300.jpg,3,0.978287,"[0.6206, 0.0413912, 0.0646359]",1,0.0890625,0.68359375,0.1765625,0.3015625
00090_jpg.rf.e5d7b29a1c062a1d5a383a5064924300.jpg,3,0.125319,"[0.624904, 0.0416276, 0.076626]",4,0.59375,0.40546875,0.06171875,0.109375
00090_jpg.rf.e5d7b29a1c062a1d5a383a5064924300.jpg,3,0.125319,"[0.624904, 0.0416276, 0.076626]",0,0.7796875,0.48671875,0.1140625,0.20859375
00090_jpg.rf.e5d7b29a1c062a1d5a383a5064924300.jpg,3,0.125319,"[0.624904, 0.0416276, 0.076626]",2,0.97890625,0.53984375,0.0296875,0.13046875
00090_jpg.rf.e5d7b29a1c062a1d5a383a5064924300.jpg,3,0.125319,"[0.624904, 0.0416276, 0.076626]",6,0.271875,0.52109375,0.0703125,0.10546875
00090_jpg.rf.e5d7b29a1c062a1d5a383a5064924300.jpg,3,0.125319,"[0.624904, 0.0416276, 0.076626]",3,0.1296875,0.63125,0.0484375,0.0734375
00090_jpg.rf.e5d7b29a1c062a1d5a383a5064924300.jpg,3,0.125319,"[0.624904, 0.0416276, 0.076626]",4,0.12734375,0.5828125,0.0265625,0.04140625
00090_jpg.rf.e5d7b29a1c062a1d5a383a5064924300.jpg,3,0.125319,"[0.624904, 0.0416276, 0.076626]",2,0.10625,0.5625,0.01328125,0.08203125
00090_jpg.rf.e5d7b29a1c062a1d5a383a5064924300.jpg,3,0.125319,"[0.624904, 0.0416276, 0.076626]",1,0.0890625,0.68359375,0.1765625,0.3015625
00090_jpg.rf.e5d7b29a1c062a1d5a383a5064924300.jpg,2,0.979469,"[0.544661, 0.0338974, 0.132316]",4,0.59375,0.40546875,0.06171875,0.109375
00090_jpg.rf.e5d7b29a1c062a1d5a383a5064924300.jpg,2,0.979469,"[0.544661, 0.0338974, 0.132316]",0,0.7796875,0.48671875,0.1140625,0.20859375
00090_jpg.rf.e5d7b29a1c062a1d5a383a5064924300.jpg,2,0.979469,"[0.544661, 0.0338974, 0.132316]",2,0.97890625,0.53984375,0.0296875,0.13046875
00090_jpg.rf.e5d7b29a1c062a1d5a383a5064924300.jpg,2,0.979469,"[0.544661, 0.0338974, 0.132316]",6,0.271875,0.52109375,0.0703125,0.10546875
00090_jpg.rf.e5d7b29a1c062a1d5a383a5064924300.jpg,2,0.979469,"[0.544661, 0.0338974, 0.132316]",3,0.1296875,0.63125,0.0484375,0.0734375
00090_jpg.rf.e5d7b29a1c062a1d5a383a5064924300.jpg,2,0.979469,"[0.544661, 0.0338974, 0.132316]",4,0.12734375,0.5828125,0.0265625,0.04140625
00090_jpg.rf.e5d7b29a1c062a1d5a383a5064924300.jpg,2,0.979469,"[0.544661, 0.0338974, 0.132316]",2,0.10625,0.5625,0.01328125,0.08203125
00090_jpg.rf.e5d7b29a1c062a1d5a383a5064924300.jpg,2,0.979469,"[0.544661, 0.0338974, 0.132316]",1,0.0890625,0.68359375,0.1765625,0.3015625
00090_jpg.rf.e5d7b29a1c062a1d5a383a5064924300.jpg,4,0.127656,"[0.581937, 0.0247029, 0.0533117]",4,0.59375,0.40546875,0.06171875,0.109375
00090_jpg.rf.e5d7b29a1c062a1d5a383a5064924300.jpg,4,0.127656,"[0.581937, 0.0247029, 0.0533117]",0,0.7796875,0.48671875,0.1140625,0.20859375
00090_jpg.rf.e5d7b29a1c062a1d5a383a5064924300.jpg,4,0.127656,"[0.581937, 0.0247029, 0.0533117]",2,0.97890625,0.53984375,0.0296875,0.13046875
00090_jpg.rf.e5d7b29a1c062a1d5a383a5064924300.jpg,4,0.127656,"[0.581937, 0.0247029, 0.0533117]",6,0.271875,0.52109375,0.0703125,0.10546875
00090_jpg.rf.e5d7b29a1c062a1d5a383a5064924300.jpg,4,0.127656,"[0.581937, 0.0247029, 0.0533117]",3,0.1296875,0.63125,0.0484375,0.0734375
00090_jpg.rf.e5d7b29a1c062a1d5a383a5064924300.jpg,4,0.127656,"[0.581937, 0.0247029, 0.0533117]",4,0.12734375,0.5828125,0.0265625,0.04140625
00090_jpg.rf.e5d7b29a1c062a1d5a383a5064924300.jpg,4,0.127656,"[0.581937, 0.0247029, 0.0533117]",2,0.10625,0.5625,0.01328125,0.08203125
00090_jpg.rf.e5d7b29a1c062a1d5a383a5064924300.jpg,4,0.127656,"[0.581937, 0.0247029, 0.0533117]",1,0.0890625,0.68359375,0.1765625,0.3015625
00090_jpg.rf.e5d7b29a1c062a1d5a383a5064924300.jpg,2,0.976801,"[0.565328, 0.0312958, 0.0894445]",4,0.59375,0.40546875,0.06171875,0.109375
00090_jpg.rf.e5d7b29a1c062a1d5a383a5064924300.jpg,2,0.976801,"[0.565328, 0.0312958, 0.0894445]",0,0.7796875,0.48671875,0.1140625,0.20859375
00090_jpg.rf.e5d7b29a1c062a1d5a383a5064924300.jpg,2,0.976801,"[0.565328, 0.0312958, 0.0894445]",2,0.97890625,0.53984375,0.0296875,0.13046875
00090_jpg.rf.e5d7b29a1c062a1d5a383a5064924300.jpg,2,0.976801,"[0.565328, 0.0312958, 0.0894445]",6,0.271875,0.52109375,0.0703125,0.10546875
00090_jpg.rf.e5d7b29a1c062a1d5a383a5064924300.jpg,2,0.976801,"[0.565328, 0.0312958, 0.0894445]",3,0.1296875,0.63125,0.0484375,0.0734375
00090_jpg.rf.e5d7b29a1c062a1d5a383a5064924300.jpg,2,0.976801,"[0.565328, 0.0312958, 0.0894445]",4,0.12734375,0.5828125,0.0265625,0.04140625
00090_jpg.rf.e5d7b29a1c062a1d5a383a5064924300.jpg,2,0.976801,"[0.565328, 0.0312958, 0.0894445]",2,0.10625,0.5625,0.01328125,0.08203125
00090_jpg.rf.e5d7b29a1c062a1d5a383a5064924300.jpg,2,0.976801,"[0.565328, 0.0312958, 0.0894445]",1,0.0890625,0.68359375,0.1765625,0.3015625
